,,,,,Data,,,,,,
mode,agent_a,test,dimension,4500,Average - 500,Average - 1000,Average - 2000,Average - 3000,Average - 4000,Average - 4500,Average - 5000
chaser_fixed,predator_0,ccm_1,dx,0.014,0.291,0.166,0.121,0.084,0.044,0.014,0.032
,,,,0.02,0.253,0.198,0.123,0.063,0.034,0.02,0.03
,,,,0.021,0.192,0.122,0.051,0.032,0.011,0.021,0.012
,,,,0.027,0.257,0.119,0.098,0.033,0.069,0.027,0.05
,,,,0.034,0.246,0.153,0.056,0.074,0.04,0.034,0.011
,,,,0.042,0.23,0.112,0.085,0.069,0.026,0.042,0.031
,,,,0.045,0.293,0.174,0.083,0.099,0.044,0.045,0.061
,,,,0.048,0.245,0.101,0.077,0.082,0.051,0.048,0.027
,,,,0.049,0.203,0.164,0.062,0.053,0.028,0.049,0.025
,,,,0.058,0.21,0.165,0.116,0.046,0.06,0.058,0.041
,,,dy,0.014,0.125,0.093,0.061,0.043,0.02,0.014,0.042
,,,,0.024,0.103,0.028,0.073,0.05,0.048,0.024,0.022
,,,,0.025,0.052,0.083,0.051,0.045,0.059,0.025,0.033
,,,,0.027,0.121,0.037,0.017,0.033,0.019,0.027,0.04
,,,,0.028,0.105,0.007,0.014,0.002,0.017,0.028,0.023
,,,,0.029,0.174,0.1175,0.0695,0.034,0.016,0.029,0.038
,,,,0.037,-0.007,0.087,0.072,0.07,0.013,0.037,0.031
,,,,0.057,0.12,0.092,0.034,0.016,0.01,0.057,0.042
,,,,0.068,0.18,0.094,0.1,0.092,0.043,0.068,0.051
,,,PCA_1,0.234,0.316,0.276,0.263,0.242,0.225,0.234,0.233
,,,,0.243,0.156,0.251,0.27,0.261,0.253,0.243,0.242
,,,,0.248,0.206,0.192,0.208,0.22,0.241,0.248,0.239
,,,,0.259,0.266,0.287,0.268,0.246,0.251,0.259,0.26
,,,,0.26,0.257,0.258,0.294,0.291,0.272,0.26,0.264
,,,,0.261,0.238,0.278,0.291,0.263,0.261,0.261,0.267
,,,,0.264,0.244,0.268,0.274,0.265,0.268,0.264,0.264
,,,,0.265,0.2485,0.2765,0.2735,0.268,0.273,0.265,0.267
,,,,0.298,0.276,0.329,0.3,0.3,0.29,0.298,0.292
,,,PCA_2,0.227,0.268,0.204,0.252,0.221,0.235,0.227,0.228
,,,,0.236,0.214,0.212,0.232,0.237,0.247,0.236,0.227
,,,,0.243,0.304,0.257,0.247,0.243,0.243,0.243,0.25
,,,,0.249,0.336,0.272,0.256,0.262,0.255,0.249,0.253
,,,,0.26,0.29,0.254,0.315,0.284,0.265,0.26,0.252
,,,,0.262,0.29,0.311,0.266,0.267,0.252,0.262,0.261
,,,,0.264,0.254,0.285,0.26,0.262,0.262,0.264,0.244
,,,,0.27,0.295,0.3,0.29,0.266,0.268,0.27,0.269
,,,,0.271,0.363,0.32,0.283,0.27,0.283,0.271,0.272
,,,,0.275,0.269,0.233,0.266,0.279,0.268,0.275,0.274
,,,PCA_3,0.232,0.425,0.275,0.265,0.282,0.234,0.232,0.238
,,,,0.251,0.242,0.258,0.238,0.214,0.233,0.251,0.247
,,,,0.264,0.167,0.113,0.204,0.256,0.245,0.264,0.294
,,,,0.284,0.308,0.38,0.302,0.315,0.297,0.284,0.283
,,,,0.305,0.381,0.431,0.358,0.373,0.303,0.305,0.31
,,,,0.307,0.407,0.306,0.298,0.255,0.278,0.307,0.301
,,,,0.308,0.247,0.238,0.289,0.307,0.299,0.308,0.299
,,,,0.334,0.516,0.38,0.454,0.388,0.339,0.334,0.307
,,,,0.373,0.356,0.407,0.368,0.38,0.377,0.373,0.37
,,,,0.384,0.173,0.191,0.277,0.329,0.362,0.384,0.403
,,,x,0.023,0.234,0.211,0.157,0.083,0.074,0.023,0.071
,,,,0.041,0.414,0.26,0.175,0.065,0.069,0.041,0.031
,,,,0.054,0.408,0.215,0.13,0.088,0.079,0.054,0.041
,,,,0.06,0.345,0.26,0.181,0.095,0.068,0.06,0.047
,,,,0.068,0.301,0.285,0.138,0.113,0.1,0.068,0.097
,,,,0.073,0.317,0.278,0.148,0.092,0.063,0.073,0.098
,,,,0.074,0.335,0.344,0.201,0.14,0.085,0.074,0.06
,,,,0.075,0.489,0.385,0.258,0.181,0.108,0.075,0.069
,,,,0.087,0.34,0.203,0.136,0.118,0.06,0.087,0.067
,,,,0.117,0.326,0.247,0.154,0.085,0.063,0.117,0.064
,,,y,0.034,0.47,0.121,0.149,0.06,0.068,0.034,0.114
,,,,0.07,0.316,0.18,0.195,0.135,0.106,0.07,0.0515
,,,,0.094,0.414,0.094,0.241,0.14,-0.015,0.094,0.044
,,,,0.108,0.18,0.217,0.114,0.078,0.084,0.108,0.079
,,,,0.112,0.334,0.152,0.254,0.168,0.066,0.112,0.074
,,,,0.114,0.254,0.23,0.195,0.122,0.089,0.114,0.101
,,,,0.136,0.337,0.146,0.23,0.107,0.065,0.136,0.098
,,,,0.183,0.416,0.189,0.051,0.112,0.139,0.183,0.027
,,,,0.215,0.134,0.174,0.161,0.12,0.164,0.215,0.13
,,ccm_2,dx,-0.006,0.3,0.142,0.06,0.01,0,-0.006,-0.012
,,,,0.005,0.235,0.1245,0.0475,0.035,0.02,0.005,0.002
,,,,0.006,0.214,0.167,0.079,0.021,0.009,0.006,-0.005
,,,,0.009,0.213,0.083,-0.002,-0.012,-0.008,0.009,0.002
,,,,0.014,0.2225,0.109,0.0405,0.0215,0.01,0.014,0.006
,,,,0.019,0.233,0.127,0.057,0.045,0.036,0.019,0.013
,,,,0.021,0.252,0.13,0.049,0.031,0.013,0.021,0
,,,,0.026,0.18,0.073,0.037,0.012,-0.013,0.026,-0.007
,,,dy,0.015,0.194,0.083,0.066,0.01,0.006,0.015,0.011
,,,,0.016,0.184,0.096,-0.006,0.009,0.007,0.016,0.009
,,,,0.017,0.089,0.027,0.018,0.006,0.03,0.017,0.02
,,,,0.018,0.028,0.016,0.064,0.03,0.03,0.018,0.019
,,,,0.019,0.061,0.095,0.048,0.043,0.036,0.019,0.018
,,,,0.02,0.152,0.104,0.04,0.035,0.02,0.02,0.011
,,,,0.034,0.11,0.108,0.043,0.034,0.034,0.034,0.015
,,,,0.037,0.255,0.114,0.078,0.063,0.049,0.037,0.022
,,,,0.043,0.049,0.029,0.041,0.036,0.03,0.043,0.038
,,,,0.045,0.094,0.082,0.06,0.048,0.047,0.045,0.038
,,,PCA_1,0.534,0.595,0.597,0.556,0.6,0.554,0.534,0.53
,,,,0.568,0.61,0.597,0.591,0.567,0.558,0.568,0.591
,,,,0.574,0.54,0.612,0.625,0.602,0.59,0.574,0.583
,,,,0.575,0.647,0.647,0.604,0.595,0.562,0.575,0.569
,,,,0.58,0.564,0.618,0.573,0.58,0.559,0.58,0.586
,,,,0.591,0.629,0.604,0.642,0.635,0.619,0.591,0.593
,,,,0.592,0.617,0.617,0.621,0.618,0.608,0.592,0.606
,,,,0.593,0.494,0.545,0.582,0.568,0.595,0.593,0.573
,,,,0.617,0.616,0.632,0.595,0.585,0.62,0.617,0.609
,,,,0.62,0.61,0.63,0.652,0.599,0.616,0.62,0.624
,,,PCA_2,0.637,0.691,0.703,0.673,0.65,0.627,0.637,0.641
,,,,0.64,0.604,0.633,0.646,0.651,0.641,0.64,0.653
,,,,0.641,0.641,0.637,0.644,0.6455,0.6425,0.641,0.6375
,,,,0.646,0.614,0.6295,0.625,0.631,0.639,0.646,0.6415
,,,,0.648,0.667,0.685,0.673,0.659,0.64,0.648,0.65
,,,,0.649,0.648,0.62,0.634,0.6405,0.6445,0.649,0.644
,,,,0.663,0.662,0.633,0.643,0.644,0.657,0.663,0.656
,,,PCA_3,0.772,0.751,0.779,0.731,0.748,0.798,0.772,0.756
,,,,0.794,0.846,0.738,0.851,0.827,0.772,0.794,0.79
,,,,0.795,0.867,0.845,0.816,0.83,0.781,0.795,0.795
,,,,0.799,0.692,0.76,0.787,0.806,0.811,0.799,0.81
,,,,0.803,0.797,0.826,0.756,0.806,0.784,0.803,0.806
,,,,0.822,0.833,0.842,0.817,0.78,0.788,0.822,0.806
,,,,0.823,0.815,0.784,0.789,0.763,0.851,0.823,0.774
,,,,0.834,0.791,0.827,0.847,0.846,0.802,0.834,0.837
,,,,0.843,0.8,0.787,0.799,0.815,0.821,0.843,0.805
,,,,0.849,0.815,0.731,0.815,0.834,0.833,0.849,0.857
,,,x,0.036,0.35,0.246,0.113,0.04,0.03,0.036,0.018
,,,,0.05,0.459,0.185,0.043,0.077,0.084,0.05,0.047
,,,,0.053,0.285,0.219,0.159,0.098,0.079,0.053,0.094
,,,,0.062,0.307,0.26,0.146,0.093,0.07,0.062,0.069
,,,,0.063,0.458,0.173,0.142,0.098,0.053,0.063,0.054
,,,,0.069,0.247,0.338,0.178,0.091,0.045,0.069,0.052
,,,,0.071,0.193,0.269,0.187,0.09,0.065,0.071,0.063
,,,,0.081,0.35,0.208,0.176,0.106,0.072,0.081,0.068
,,,,0.095,0.234,0.253,0.173,0.117,0.084,0.095,0.078
,,,,0.097,0.505,0.384,0.251,0.156,0.124,0.097,0.074
,,,y,0.029,0.376,0.018,0.033,0.045,0.046,0.029,0.091
,,,,0.054,0.105,0.227,0.141,0.108,0.082,0.054,0.051
,,,,0.089,0.084,0.116,0.162,0.122,0.098,0.089,0.074
,,,,0.092,0.384,0.3,0.308,0.169,0.099,0.092,0.105
,,,,0.101,0.281,0.207,0.088,0.134,0.08,0.101,0.088
,,,,0.109,0.199,0.297,0.166,0.147,0.059,0.109,0.047
,,,,0.114,0.204,0.348,0.274,0.174,0.107,0.114,0.094
,,,,0.133,0.242,0.133,0.132,0.115,0.153,0.133,0.103
,,,,0.162,0.434,0.159,0,0.065,0.1,0.162,0.092
,,,,0.181,0.475,0.116,0.23,0.121,0.156,0.181,0.153
,predator_1,ccm_1,dx,0.006,0.17,0.139,0.096,0.043,0.053,0.006,0.031
,,,,0.024,0.191,0.164,0.1,0.076,0.032,0.024,0.02
,,,,0.032,0.2265,0.1725,0.115,0.05,0.045,0.032,0.035
,,,,0.033,0.224,0.121,0.034,0.056,0.032,0.033,0.035
,,,,0.034,0.108,0.147,0.098,0.063,0.054,0.034,0.042
,,,,0.043,0.268,0.161,0.067,0.039,0.018,0.043,0.023
,,,,0.053,0.225,0.179,0.074,0.073,0.035,0.053,0.035
,,,,0.066,0.207,0.185,0.096,0.058,0.078,0.066,0.049
,,,,0.067,0.265,0.213,0.074,0.056,0.055,0.067,0.042
,,,dy,0.015,0.19,0.118,0.043,0.047,0.039,0.015,0.029
,,,,0.017,0.294,0.112,0.097,0.066,0.048,0.017,0.039
,,,,0.025,0.198,0.092,0.047,0.045,0.041,0.025,0.022
,,,,0.033,0.261,0.199,0.118,0.069,0.03,0.033,0.025
,,,,0.035,0.269,0.164,0.0575,0.076,0.059,0.035,0.041
,,,,0.038,0.222,0.094,0.099,0.065,0.036,0.038,0.03
,,,,0.042,0.232,0.15,0.109,0.074,0.046,0.042,0.047
,,,,0.044,0.243,0.164,0.076,0.056,0.023,0.044,0.033
,,,,0.051,0.298,0.189,0.13,0.094,0.04,0.051,0.028
,,,PCA_1,0.142,0.201,0.169,0.158,0.136,0.142,0.142,0.142
,,,,0.156,0.154,0.214,0.203,0.168,0.152,0.156,0.154
,,,,0.161,0.082,0.127,0.114,0.139,0.162,0.161,0.17
,,,,0.163,0.153,0.115,0.185,0.186,0.157,0.163,0.152
,,,,0.169,0.137,0.153,0.147,0.173,0.169,0.169,0.169
,,,,0.171,0.122,0.075,0.14,0.143,0.169,0.171,0.173
,,,,0.177,0.156,0.17,0.175,0.175,0.187,0.177,0.179
,,,,0.182,0.213,0.234,0.196,0.192,0.17,0.182,0.184
,,,,0.202,0.172,0.206,0.207,0.194,0.208,0.202,0.202
,,,,0.206,0.137,0.127,0.196,0.204,0.211,0.206,0.202
,,,PCA_2,0.11,0.106,0.132,0.106,0.14,0.111,0.11,0.111
,,,,0.133,0.05,0.072,0.111,0.109,0.123,0.133,0.144
,,,,0.147,0.179,0.141,0.158,0.131,0.16,0.147,0.139
,,,,0.148,0.12525,0.143,0.1535,0.15825,0.15225,0.148,0.15375
,,,,0.15,0.118,0.132,0.142,0.145,0.164,0.15,0.142
,,,,0.162,0.136,0.156,0.14,0.159,0.17,0.162,0.16
,,,,0.175,0.163,0.214,0.21,0.199,0.165,0.175,0.174
,,,PCA_3,0.063,0.071,0.104,0.031,-0.016,0.079,0.063,0.078
,,,,0.091,0.203,0.134,0.102,0.092,0.092,0.091,0.117
,,,,0.098,0.122,0.012,0.07,0.092,0.077,0.098,0.111
,,,,0.106,0.205,0.058,0.092,0.097,0.121,0.106,0.131
,,,,0.117,0.461,0.145,0.099,0.087,0.134,0.117,0.1
,,,,0.156,0.072,0.066,0.175,0.134,0.176,0.156,0.162
,,,,0.171,-0.07,0.053,0.147,0.138,0.164,0.171,0.115
,,,,0.181,0.231,0.16,0.174,0.23,0.183,0.181,0.188
,,,,0.191,0.353,0.222,0.24,0.187,0.177,0.191,0.18
,,,,0.223,0.431,0.416,0.32,0.26,0.234,0.223,0.205
,,,x,0.129,0.371,0.338,0.227,0.162,0.147,0.129,0.098
,,,,0.132,0.392,0.346,0.32,0.218,0.184,0.132,0.134
,,,,0.142,0.344,0.318,0.212,0.161,0.156,0.142,0.149
,,,,0.145,0.372,0.272,0.255,0.204,0.141,0.145,0.105
,,,,0.146,0.289,0.294,0.254,0.198,0.149,0.146,0.142
,,,,0.152,0.384,0.242,0.287,0.237,0.207,0.152,0.13
,,,,0.156,0.423,0.357,0.202,0.188,0.188,0.156,0.185
,,,,0.178,0.383,0.338,0.256,0.208,0.156,0.178,0.183
,,,,0.18,0.433,0.452,0.341,0.242,0.245,0.18,0.201
,,,,0.213,0.343,0.332,0.245,0.182,0.228,0.213,0.188
,,,y,0.085,0.489,0.35,0.286,0.236,0.16,0.085,0.136
,,,,0.123,0.369,0.278,0.233,0.208,0.099,0.123,0.128
,,,,0.148,0.312,0.337,0.205,0.231,0.119,0.148,0.141
,,,,0.151,0.454,0.387,0.241,0.209,0.179,0.151,0.124
,,,,0.153,0.373,0.386,0.219,0.221,0.213,0.153,0.183
,,,,0.16,0.428,0.404,0.264,0.207,0.166,0.16,0.151
,,,,0.162,0.393,0.352,0.23,0.211,0.183,0.162,0.134
,,,,0.177,0.585,0.373,0.306,0.25,0.152,0.177,0.172
,,,,0.184,0.384,0.316,0.33,0.208,0.187,0.184,0.16
,,,,0.187,0.468,0.464,0.354,0.244,0.221,0.187,0.14
,,ccm_2,dx,-0.003,0.257,0.155,0.05,0.018,0.001,-0.003,0.012
,,,,0,0.181,0.102,0.061,0.019,0.004,0,-0.01
,,,,0.002,0.22,0.092,0.061,0.025,0.015,0.002,0.009
,,,,0.006,0.263,0.167,0.067,0.046,0.026,0.006,0.01
,,,,0.008,0.251,0.141,0.03,0.013,0.01,0.008,-0.002
,,,,0.009,0.246,0.123,0.057,0.033,0.011,0.009,0.015
,,,,0.013,0.215,0.131,0.066,0.042,0.037,0.013,0.026
,,,,0.017,0.207,0.127,0.041,0.035,0.014,0.017,0.022
,,,,0.023,0.154,0.149,0.073,0.035,0.034,0.023,0.012
,,,,0.029,0.247,0.116,0.079,0.035,0.039,0.029,0.017
,,,dy,-0.003,0.193,0.116,0.041,0.011,0.001,-0.003,-0.002
,,,,0.005,0.116,0.11,0.05,0.041,0.013,0.005,0.003
,,,,0.01,0.29,0.169,0.078,0.033,0.014,0.01,0.017
,,,,0.011,0.161,0.045,0.036,0.026,0.012,0.011,0.009
,,,,0.012,0.128,0.133,0.064,0.033,0.005,0.012,0.003
,,,,0.016,0.2925,0.1095,0.0335,0.0185,0.0225,0.016,0.0155
,,,,0.018,0.214,0.09,0.046,0.027,0.022,0.018,0.017
,,,,0.023,0.22,0.1,0.061,0.039,0.023,0.023,0.024
,,,,0.025,0.226,0.126,0.064,0.073,0.034,0.025,0.027
,,,PCA_1,0.671,0.717,0.741,0.722,0.717,0.682,0.671,0.667
,,,,0.685,0.643,0.59,0.643,0.685,0.691,0.685,0.698
,,,,0.69,0.695,0.664,0.647,0.699,0.681,0.69,0.692
,,,,0.692,0.739,0.733,0.723,0.712,0.69,0.692,0.698
,,,,0.694,0.681,0.748,0.733,0.711,0.708,0.694,0.696
,,,,0.698,0.651,0.702,0.711,0.703,0.688,0.698,0.691
,,,,0.702,0.674,0.623,0.674,0.688,0.698,0.702,0.702
,,,,0.704,0.723,0.669,0.673,0.707,0.711,0.704,0.699
,,,,0.709,0.677,0.717,0.715,0.704,0.711,0.709,0.715
,,,,0.712,0.682,0.691,0.727,0.714,0.713,0.712,0.709
,,,PCA_2,0.703,0.734,0.727,0.729,0.719,0.708,0.703,0.703
,,,,0.704,0.691,0.74,0.737,0.736,0.712,0.704,0.717
,,,,0.711,0.707,0.703,0.728,0.711,0.712,0.711,0.72
,,,,0.714,0.707,0.69,0.687,0.705,0.716,0.714,0.711
,,,,0.715,0.714,0.737,0.738,0.733,0.709,0.715,0.719
,,,,0.72,0.721,0.7235,0.7105,0.7225,0.7175,0.72,0.7195
,,,,0.723,0.714,0.7,0.721,0.726,0.728,0.723,0.719
,,,,0.724,0.738,0.74,0.722,0.719,0.716,0.724,0.734
,,,,0.736,0.715,0.737,0.72,0.741,0.734,0.736,0.734
,,,PCA_3,0.807,0.789,0.876,0.803,0.767,0.826,0.807,0.842
,,,,0.811,0.874,0.803,0.759,0.847,0.823,0.811,0.796
,,,,0.827,0.822,0.814,0.852,0.848,0.847,0.827,0.824
,,,,0.829,0.76,0.755,0.812,0.816,0.848,0.829,0.828
,,,,0.833,0.827,0.734,0.77,0.835,0.816,0.833,0.833
,,,,0.835,0.881,0.836,0.807,0.791,0.825,0.835,0.832
,,,,0.838,0.799,0.818,0.858,0.822,0.837,0.838,0.805
,,,,0.844,0.868,0.806,0.843,0.797,0.846,0.844,0.83
,,,,0.846,0.793,0.799,0.862,0.871,0.82,0.846,0.833
,,,,0.849,0.823,0.817,0.82,0.828,0.836,0.849,0.824
,,,x,0.176,0.478,0.448,0.325,0.227,0.205,0.176,0.173
,,,,0.186,0.447,0.386,0.322,0.236,0.205,0.186,0.206
,,,,0.192,0.484,0.351,0.3,0.268,0.2,0.192,0.177
,,,,0.208,0.512,0.38,0.312,0.258,0.197,0.208,0.175
,,,,0.221,0.541,0.426,0.326,0.229,0.205,0.221,0.222
,,,,0.222,0.447,0.518,0.395,0.305,0.247,0.222,0.201
,,,,0.225,0.47,0.352,0.32,0.269,0.237,0.225,0.188
,,,,0.235,0.502,0.48,0.275,0.215,0.182,0.235,0.181
,,,,0.245,0.546,0.435,0.279,0.257,0.229,0.245,0.227
,,,,0.251,0.551,0.295,0.316,0.272,0.271,0.251,0.209
,,,y,0.155,0.52,0.329,0.195,0.236,0.239,0.155,0.14
,,,,0.16,0.567,0.394,0.234,0.215,0.186,0.16,0.142
,,,,0.181,0.594,0.484,0.332,0.286,0.191,0.181,0.164
,,,,0.183,0.611,0.472,0.289,0.191,0.169,0.183,0.134
,,,,0.191,0.418,0.231,0.256,0.235,0.209,0.191,0.18
,,,,0.198,0.594,0.479,0.344,0.254,0.25,0.198,0.159
,,,,0.202,0.702,0.424,0.277,0.211,0.2,0.202,0.178
,,,,0.205,0.604,0.431,0.326,0.282,0.196,0.205,0.187
,,,,0.206,0.467,0.357,0.416,0.248,0.237,0.206,0.156
,,,,0.236,0.584,0.537,0.393,0.258,0.228,0.236,0.203
chaser_follower,predator_0,ccm_1,dx,0.172,0.294,0.212,0.232,0.233,0.237,0.172,0.239
,,,,0.212,0.35,0.316,0.139,0.202,0.196,0.212,0.166
,,,,0.217,0.313,0.221,0.21,0.171,0.253,0.217,0.184
,,,,0.218,0.355,0.265,0.222,0.239,0.192,0.218,0.156
,,,,0.22,0.381,0.302,0.202,0.214,0.133,0.22,0.24
,,,,0.227,0.438,0.336,0.242,0.213,0.179,0.227,0.149
,,,,0.235,0.47,0.265,0.294,0.246,0.205,0.235,0.218
,,,,0.25,0.418,0.364,0.32,0.267,0.215,0.25,0.152
,,,,0.264,0.421,0.376,0.273,0.319,0.262,0.264,0.303
,,,,0.276,0.339,0.301,0.272,0.299,0.261,0.276,0.288
,,,dy,0.071,0.368,0.299,0.225,0.202,0.174,0.071,0.172
,,,,0.074,0.325,0.184,0.19,0.145,0.104,0.074,0.103
,,,,0.124,0.355,0.283,0.193,0.167,0.169,0.124,0.154
,,,,0.155,0.288,0.1955,0.2025,0.107,0.1265,0.155,0.1665
,,,,0.167,0.272,0.307,0.255,0.185,0.166,0.167,0.172
,,,,0.174,0.309,0.344,0.224,0.226,0.18,0.174,0.154
,,,,0.197,0.215,0.255,0.219,0.171,0.221,0.197,0.19
,,,,0.201,0.408,0.234,0.239,0.132,0.197,0.201,0.138
,,,,0.222,0.39,0.243,0.276,0.235,0.111,0.222,0.182
,,,PCA_1,0.218,0.181,0.26,0.233,0.232,0.224,0.218,0.232
,,,,0.22,0.246,0.247,0.177,0.229,0.213,0.22,0.21
,,,,0.234,0.292,0.262,0.269,0.242,0.237,0.234,0.226
,,,,0.247,0.223,0.271,0.308,0.282,0.261,0.247,0.249
,,,,0.255,0.267,0.261,0.253,0.258,0.248,0.255,0.251
,,,,0.26,0.3,0.275,0.3005,0.291,0.268,0.26,0.263
,,,,0.262,0.309,0.24,0.215,0.227,0.253,0.262,0.263
,,,,0.27,0.232,0.26,0.252,0.286,0.279,0.27,0.254
,,,,0.289,0.225,0.247,0.299,0.283,0.288,0.289,0.289
,,,PCA_2,0.158,0.262,0.151,0.205,0.177,0.166,0.158,0.172
,,,,0.164,0.223,0.181,0.181,0.16,0.168,0.164,0.169
,,,,0.168,0.228,0.177,0.161,0.164,0.17,0.168,0.167
,,,,0.186,0.116,0.114,0.162,0.177,0.178,0.186,0.187
,,,,0.199,0.214,0.158,0.164,0.204,0.206,0.199,0.2
,,,,0.2,0.116,0.142,0.164,0.169,0.204,0.2,0.199
,,,,0.217,0.298,0.213,0.217,0.232,0.22,0.217,0.222
,,,,0.218,0.231,0.252,0.253,0.221,0.206,0.218,0.228
,,,,0.227,0.27,0.22,0.2455,0.245,0.2255,0.227,0.22
,,,PCA_3,0.376,0.084,0.213,0.304,0.295,0.374,0.376,0.414
,,,,0.456,0.843,0.672,0.526,0.5,0.44,0.456,0.443
,,,,0.484,0.146,0.216,0.392,0.451,0.464,0.484,0.49
,,,,0.494,-0.012,0.269,0.401,0.554,0.531,0.494,0.502
,,,,0.513,0.783,0.677,0.633,0.533,0.537,0.513,0.534
,,,,0.52,0.788,0.403,0.565,0.504,0.553,0.52,0.555
,,,,0.562,0.458,0.351,0.422,0.432,0.549,0.562,0.58
,,,,0.595,0.357,0.408,0.574,0.551,0.591,0.595,0.546
,,,,0.643,0.802,0.712,0.694,0.704,0.671,0.643,0.625
,,,,0.675,0.906,0.778,0.781,0.783,0.698,0.675,0.619
,,,x,0.694,0.619,0.706,0.663,0.629,0.696,0.694,0.687
,,,,0.749,0.876,0.805,0.79,0.744,0.772,0.749,0.811
,,,,0.762,0.816,0.756,0.714,0.733,0.631,0.762,0.752
,,,,0.771,0.503,0.598,0.663,0.69,0.757,0.771,0.76
,,,,0.775,0.908,0.762,0.796,0.757,0.74,0.775,0.744
,,,,0.778,0.934,0.94,0.792,0.787,0.775,0.778,0.767
,,,,0.801,0.941,0.911,0.859,0.826,0.785,0.801,0.8
,,,,0.808,0.912,0.889,0.861,0.869,0.797,0.808,0.803
,,,,0.817,0.756,0.702,0.746,0.797,0.803,0.817,0.814
,,,,0.879,0.897,0.936,0.87,0.844,0.871,0.879,0.87
,,,y,0.576,0.702,0.725,0.686,0.566,0.572,0.576,0.541
,,,,0.611,0.517,0.422,0.444,0.515,0.493,0.611,0.586
,,,,0.624,0.609,0.547,0.612,0.671,0.583,0.624,0.631
,,,,0.645,0.758,0.704,0.679,0.56,0.667,0.645,0.653
,,,,0.659,0.757,0.583,0.605,0.711,0.647,0.659,0.647
,,,,0.661,0.608,0.639,0.735,0.657,0.719,0.661,0.704
,,,,0.669,0.899,0.835,0.636,0.663,0.641,0.669,0.661
,,,,0.696,0.89,0.788,0.708,0.688,0.699,0.696,0.669
,,,,0.779,0.82,0.842,0.788,0.774,0.752,0.779,0.784
,,,,0.813,0.815,0.758,0.777,0.822,0.766,0.813,0.808
,,ccm_2,dx,0.496,0.574,0.475,0.488,0.475,0.488,0.496,0.509
,,,,0.533,0.61,0.646,0.606,0.521,0.528,0.533,0.536
,,,,0.541,0.521,0.52,0.471,0.526,0.535,0.541,0.52
,,,,0.542,0.705,0.579,0.599,0.59,0.551,0.542,0.518
,,,,0.547,0.726,0.657,0.579,0.571,0.542,0.547,0.564
,,,,0.553,0.747,0.676,0.574,0.553,0.551,0.553,0.548
,,,,0.559,0.686,0.601,0.579,0.565,0.58,0.559,0.554
,,,,0.576,0.641,0.598,0.539,0.574,0.582,0.576,0.584
,,,,0.585,0.699,0.633,0.62,0.601,0.6,0.585,0.591
,,,,0.605,0.651,0.616,0.577,0.562,0.566,0.605,0.577
,,,dy,0.33,0.433,0.509,0.425,0.357,0.321,0.33,0.325
,,,,0.359,0.366,0.394,0.365,0.398,0.378,0.359,0.338
,,,,0.413,0.662,0.593,0.491,0.455,0.43,0.413,0.422
,,,,0.415,0.527,0.43,0.41,0.378,0.413,0.415,0.414
,,,,0.421,0.561,0.492,0.388,0.394,0.411,0.421,0.42
,,,,0.454,0.672,0.579,0.497,0.461,0.45,0.454,0.479
,,,,0.463,0.506,0.487,0.479,0.464,0.471,0.463,0.431
,,,,0.469,0.597,0.466,0.484,0.493,0.435,0.469,0.44
,,,,0.479,0.548,0.555,0.518,0.526,0.49,0.479,0.49
,,,,0.489,0.648,0.483,0.455,0.43,0.456,0.489,0.463
,,,PCA_1,0.718,0.852,0.763,0.726,0.686,0.677,0.718,0.706
,,,,0.747,0.729,0.724,0.72,0.729,0.732,0.747,0.764
,,,,0.754,0.714,0.781,0.759,0.733,0.737,0.754,0.758
,,,,0.755,0.748,0.743,0.786,0.76,0.772,0.755,0.747
,,,,0.761,0.818,0.757,0.734,0.801,0.771,0.761,0.738
,,,,0.765,0.7885,0.7475,0.7455,0.7525,0.7775,0.765,0.7485
,,,,0.768,0.715,0.762,0.778,0.762,0.786,0.768,0.751
,,,,0.775,0.72,0.799,0.764,0.77,0.758,0.775,0.766
,,,,0.792,0.8,0.644,0.795,0.8,0.805,0.792,0.787
,,,PCA_2,0.769,0.839,0.76,0.806,0.763,0.768,0.769,0.788
,,,,0.77,0.808,0.74,0.773,0.786,0.75,0.77,0.791
,,,,0.771,0.824,0.754,0.753,0.805,0.783,0.771,0.795
,,,,0.772,0.679,0.733,0.758,0.796,0.77,0.772,0.773
,,,,0.778,0.753333333333333,0.763666666666667,0.768333333333333,0.788333333333333,0.776333333333333,0.778,0.769
,,,,0.785,0.854,0.751,0.799,0.817,0.771,0.785,0.792
,,,,0.787,0.853,0.797,0.771,0.777,0.764,0.787,0.784
,,,,0.792,0.634,0.778,0.789,0.777,0.784,0.792,0.801
,,,PCA_3,0.844,0.977,0.889,0.885,0.938,0.894,0.844,0.887
,,,,0.861,0.925,0.92,0.918,0.855,0.833,0.861,0.873
,,,,0.871,0.9195,0.902,0.9135,0.929,0.8695,0.871,0.86
,,,,0.88,0.962,0.848,0.912,0.849,0.923,0.88,0.9
,,,,0.884,0.751,0.885,0.828,0.852,0.892,0.884,0.883
,,,,0.887,0.902,0.918,0.9,0.874,0.865,0.887,0.916
,,,,0.918,0.927,0.758,0.869,0.88,0.926,0.918,0.927
,,,,0.919,0.938,0.914,0.926,0.885,0.935,0.919,0.865
,,,,0.926,0.829,0.788,0.89,0.886,0.904,0.926,0.911
,,,x,0.644,0.49,0.638,0.609,0.655,0.673,0.644,0.67
,,,,0.717,0.365,0.753,0.715,0.724,0.751,0.717,0.712
,,,,0.756,0.965,0.972,0.772,0.766,0.757,0.756,0.742
,,,,0.759,0.946,0.758,0.825,0.832,0.755,0.759,0.738
,,,,0.765,0.854,0.775,0.701,0.693,0.728,0.765,0.752
,,,,0.785,0.952,0.925,0.861,0.829,0.771,0.785,0.791
,,,,0.799,0.8825,0.85,0.82,0.8335,0.7955,0.799,0.8265
,,,,0.814,0.902,0.81,0.839,0.74,0.784,0.814,0.823
,,,,0.883,0.894,0.973,0.887,0.873,0.88,0.883,0.871
,,,y,0.462,0.652,0.427,0.455,0.388,0.448,0.462,0.473
,,,,0.542,0.749,0.619,0.605,0.615,0.533,0.542,0.586
,,,,0.544,0.63,0.785,0.778,0.544,0.538,0.544,0.571
,,,,0.641,0.913,0.773,0.686,0.694,0.684,0.641,0.656
,,,,0.65,0.699,0.788,0.698,0.633,0.668,0.65,0.659
,,,,0.651,0.908,0.825,0.685,0.639,0.644,0.651,0.661
,,,,0.662,0.835,0.565,0.618,0.663,0.609,0.662,0.672
,,,,0.689,0.512,0.643,0.743,0.723,0.736,0.689,0.677
,,,,0.769,0.82,0.8,0.802,0.778,0.757,0.769,0.749
,,,,0.786,0.88,0.767,0.777,0.797,0.78,0.786,0.811
,predator_1,ccm_1,dx,0.616,0.802,0.782,0.71,0.702,0.687,0.616,0.684
,,,,0.627,0.622,0.586,0.594,0.64,0.662,0.627,0.625
,,,,0.648,0.682,0.726,0.722,0.622,0.664,0.648,0.686
,,,,0.655,0.62,0.498,0.602,0.673,0.658,0.655,0.643
,,,,0.679,0.832,0.734,0.698,0.721,0.704,0.679,0.688
,,,,0.68,0.791,0.678,0.701,0.687,0.651,0.68,0.657
,,,,0.686,0.736,0.718,0.716,0.674,0.714,0.686,0.634
,,,,0.704,0.761,0.758,0.717,0.708,0.725,0.704,0.708
,,,,0.72,0.753,0.705,0.67,0.687,0.615,0.72,0.712
,,,,0.759,0.769,0.727,0.715,0.753,0.742,0.759,0.739
,,,dy,0.486,0.627,0.547,0.48,0.512,0.499,0.486,0.53
,,,,0.501,0.51,0.473,0.513,0.412,0.57,0.501,0.515
,,,,0.511,0.686,0.643,0.58,0.546,0.557,0.511,0.543
,,,,0.517,0.445,0.476,0.424,0.512,0.503,0.517,0.538
,,,,0.53,0.775,0.68,0.603,0.534,0.549,0.53,0.563
,,,,0.535,0.57,0.527,0.568,0.534,0.578,0.535,0.577
,,,,0.548,0.653,0.554,0.59,0.625,0.544,0.548,0.525
,,,,0.552,0.658,0.628,0.624,0.535,0.525,0.552,0.554
,,,,0.598,0.697,0.668,0.631,0.669,0.604,0.598,0.602
,,,,0.633,0.735,0.666,0.643,0.638,0.629,0.633,0.626
,,,PCA_1,0.37,0.636,0.509,0.473,0.413,0.395,0.37,0.356
,,,,0.373,0.499,0.489,0.529,0.484,0.384,0.373,0.357
,,,,0.388,0.304,0.358,0.398,0.36,0.397,0.388,0.41
,,,,0.397,0.517,0.471,0.36,0.393,0.383,0.397,0.413
,,,,0.4,0.438,0.439,0.399,0.431,0.401,0.4,0.392
,,,,0.405,0.172,0.273,0.309,0.397,0.405,0.405,0.399
,,,,0.409,0.358,0.347,0.322,0.359,0.402,0.409,0.386
,,,,0.464,0.529,0.533,0.507,0.463,0.467,0.464,0.458
,,,,0.477,0.436,0.53,0.497,0.455,0.471,0.477,0.504
,,,,0.486,0.687,0.546,0.524,0.489,0.493,0.486,0.483
,,,PCA_2,0.309,0.564,0.322,0.318,0.31,0.319,0.309,0.323
,,,,0.33,0.335,0.298,0.329,0.312,0.299,0.33,0.372
,,,,0.341,0.404,0.372,0.369,0.37,0.345,0.341,0.345
,,,,0.358,0.461,0.362,0.311,0.338,0.355,0.358,0.369
,,,,0.387,0.193,0.275,0.353,0.387,0.39,0.387,0.369
,,,,0.388,0.241,0.27,0.33,0.378,0.38,0.388,0.393
,,,,0.393,0.468,0.371,0.415,0.434,0.401,0.393,0.403
,,,,0.398,0.594,0.369,0.441,0.395,0.368,0.398,0.39
,,,,0.419,0.321,0.319,0.421,0.394,0.425,0.419,0.426
,,,,0.46,0.756,0.489,0.487,0.556,0.475,0.46,0.443
,,,PCA_3,0.426,0.166,0.2,0.35,0.415,0.432,0.426,0.435
,,,,0.449,0.795,0.637,0.523,0.51,0.454,0.449,0.441
,,,,0.473,0.088,0.194,0.409,0.401,0.453,0.473,0.468
,,,,0.483,-0.065,0.303,0.331,0.549,0.533,0.483,0.455
,,,,0.495,0.747,0.729,0.628,0.547,0.53,0.495,0.532
,,,,0.527,0.712,0.523,0.599,0.536,0.549,0.527,0.56
,,,,0.584,0.61,0.483,0.445,0.474,0.577,0.584,0.595
,,,,0.619,0.386,0.339,0.574,0.575,0.614,0.619,0.557
,,,,0.631,0.849,0.696,0.677,0.711,0.652,0.631,0.607
,,,,0.68,0.913,0.775,0.776,0.782,0.694,0.68,0.625
,,,x,0.525,0.663,0.48,0.627,0.576,0.692,0.525,0.667
,,,,0.71,0.811,0.784,0.645,0.684,0.725,0.71,0.72
,,,,0.738,0.722,0.617,0.594,0.627,0.701,0.738,0.741
,,,,0.752,0.952,0.948,0.785,0.777,0.771,0.752,0.762
,,,,0.753,0.901,0.753,0.802,0.818,0.755,0.753,0.719
,,,,0.76,0.767,0.747,0.763,0.79,0.812,0.76,0.825
,,,,0.785,0.932,0.905,0.857,0.814,0.777,0.785,0.792
,,,,0.793,0.901,0.8435,0.8315,0.7745,0.769,0.793,0.8055
,,,,0.87,0.921,0.936,0.864,0.868,0.869,0.87,0.866
,,,y,0.558,0.417,0.403,0.449,0.477,0.53,0.558,0.589
,,,,0.561,0.609,0.733,0.7,0.524,0.46,0.561,0.574
,,,,0.62,0.719,0.563,0.589,0.639,0.611,0.62,0.639
,,,,0.632,0.759,0.685,0.665,0.614,0.65,0.632,0.641
,,,,0.645,0.886,0.77,0.678,0.624,0.685,0.645,0.64
,,,,0.653,0.911,0.839,0.698,0.643,0.628,0.653,0.666
,,,,0.659,0.726,0.607,0.735,0.675,0.706,0.659,0.68
,,,,0.684,0.719,0.646,0.666,0.698,0.65,0.684,0.654
,,,,0.728,0.873,0.824,0.786,0.796,0.77,0.728,0.748
,,,,0.807,0.807,0.744,0.774,0.81,0.804,0.807,0.797
,,ccm_2,dx,0.464,0.519,0.453,0.487,0.467,0.513,0.464,0.522
,,,,0.499,0.608,0.615,0.539,0.496,0.518,0.499,0.513
,,,,0.503,0.519,0.509,0.444,0.522,0.518,0.503,0.482
,,,,0.538,0.699,0.649,0.57,0.557,0.53,0.538,0.573
,,,,0.545,0.689,0.553,0.542,0.582,0.538,0.545,0.544
,,,,0.547,0.636,0.572,0.513,0.541,0.558,0.547,0.573
,,,,0.553,0.683,0.6085,0.573,0.55,0.5605,0.553,0.545
,,,,0.569,0.652,0.611,0.581,0.569,0.6,0.569,0.577
,,,,0.601,0.645,0.599,0.564,0.633,0.612,0.601,0.58
,,,dy,0.359,0.375,0.318,0.33,0.292,0.363,0.359,0.305
,,,,0.399,0.476,0.434,0.366,0.321,0.365,0.399,0.369
,,,,0.401,0.576,0.54,0.495,0.407,0.381,0.401,0.409
,,,,0.419,0.481,0.43,0.427,0.427,0.418,0.419,0.429
,,,,0.428,0.621333333333333,0.526333333333333,0.442666666666667,0.428,0.435666666666667,0.428,0.441
,,,,0.446,0.574,0.423,0.475,0.481,0.42,0.446,0.435
,,,,0.469,0.64,0.565,0.491,0.496,0.479,0.469,0.49
,,,,0.473,0.529,0.475,0.499,0.493,0.487,0.473,0.476
,,,PCA_1,0.718,0.698,0.779,0.754,0.752,0.742,0.718,0.729
,,,,0.73,0.658,0.711,0.73,0.764,0.739,0.73,0.741
,,,,0.745,0.638,0.657,0.74,0.77,0.74,0.745,0.753
,,,,0.747,0.828,0.734,0.732,0.734,0.754,0.747,0.758
,,,,0.748,0.876,0.801,0.787,0.721,0.751,0.748,0.734
,,,,0.752,0.713,0.779,0.812,0.76,0.749,0.752,0.735
,,,,0.77,0.792,0.791,0.75,0.728,0.768,0.77,0.788
,,,,0.774,0.768,0.752,0.75,0.773,0.773,0.774,0.751
,,,,0.783,0.786,0.814,0.76,0.755,0.791,0.783,0.761
,,,,0.787,0.748,0.747,0.781,0.784,0.776,0.787,0.784
,,,PCA_2,0.76,0.8255,0.7725,0.7755,0.7695,0.7505,0.76,0.7795
,,,,0.766,0.757,0.75,0.795,0.793,0.769,0.766,0.781
,,,,0.768,0.78,0.7675,0.769,0.757,0.7725,0.768,0.756
,,,,0.769,0.848,0.765,0.784,0.796,0.779,0.769,0.78
,,,,0.774,0.715,0.775,0.758,0.781,0.777,0.774,0.788
,,,,0.781,0.822,0.775,0.7975,0.7915,0.7735,0.781,0.782
,,,,0.786,0.774,0.744,0.789,0.795,0.759,0.786,0.774
,,,PCA_3,0.842,0.982,0.883,0.895,0.931,0.889,0.842,0.884
,,,,0.853,0.901,0.949,0.932,0.843,0.834,0.853,0.871
,,,,0.872,0.931,0.838,0.906,0.877,0.903,0.872,0.892
,,,,0.878,0.781,0.886,0.878,0.948,0.876,0.878,0.851
,,,,0.882,0.931,0.92,0.908,0.889,0.867,0.882,0.894
,,,,0.885,0.982,0.92,0.965,0.928,0.886,0.885,0.874
,,,,0.887,0.664,0.81,0.871,0.9,0.877,0.887,0.885
,,,,0.907,0.906,0.685,0.87,0.862,0.915,0.907,0.913
,,,,0.909,0.89,0.824,0.913,0.859,0.898,0.909,0.89
,,,,0.927,0.948,0.755,0.922,0.894,0.943,0.927,0.862
,,,x,0.567,0.519,0.452,0.514,0.56,0.615,0.567,0.521
,,,,0.667,0.959,0.749,0.787,0.785,0.742,0.667,0.722
,,,,0.732,0.744,0.708,0.608,0.663,0.73,0.732,0.723
,,,,0.733,0.975,0.96,0.756,0.741,0.738,0.733,0.727
,,,,0.738,0.812,0.779,0.664,0.68,0.717,0.738,0.73
,,,,0.757,0.943,0.915,0.838,0.808,0.754,0.757,0.761
,,,,0.781,0.931,0.899,0.816,0.832,0.763,0.781,0.785
,,,,0.794,0.897,0.794,0.823,0.723,0.768,0.794,0.804
,,,,0.809,0.806,0.745,0.746,0.814,0.828,0.809,0.723
,,,,0.866,0.932,0.94,0.864,0.856,0.864,0.866,0.858
,,,y,0.515,0.725,0.732,0.773,0.521,0.521,0.515,0.537
,,,,0.571,0.608,0.448,0.439,0.496,0.514,0.571,0.586
,,,,0.579,0.616,0.614,0.569,0.604,0.591,0.579,0.63
,,,,0.596,0.712,0.634,0.622,0.536,0.61,0.596,0.47
,,,,0.597,0.922,0.815,0.656,0.609,0.614,0.597,0.618
,,,,0.629,0.803,0.786,0.658,0.612,0.624,0.629,0.565
,,,,0.631,0.903,0.792,0.626,0.65,0.66,0.631,0.603
,,,,0.632,0.799,0.532,0.677,0.69,0.64,0.632,0.627
,,,,0.749,0.901,0.855,0.775,0.782,0.749,0.749,0.752
,,,,0.773,0.844,0.775,0.79,0.797,0.765,0.773,0.787
fixed_follower,predator_0,ccm_1,dx,0.069,0.229,0.139,0.14,0.133,0.122,0.069,0.086
,,,,0.082,0.313,0.231,0.206,0.177,0.125,0.082,0.127
,,,,0.087,0.256,0.254,0.099,0.11,0.119,0.087,0.085
,,,,0.089,0.327,0.289,0.126,0.117,0.14,0.089,0.122
,,,,0.091,0.276,0.201,0.108,0.14,0.139,0.091,0.075
,,,,0.092,0.274,0.225,0.165,0.124,0.113,0.092,0.091
,,,,0.103,0.327,0.248,0.124,0.133,0.088,0.103,0.097
,,,,0.105,0.156,0.166,0.185,0.127,0.113,0.105,0.101
,,,,0.106,0.273,0.238,0.187,0.129,0.126,0.106,0.1
,,,,0.125,0.279,0.164,0.135,0.068,0.086,0.125,0.106
,,,dy,0.018,0.181,0.066,0.034,0.072,0.036,0.018,0.059
,,,,0.02,0.216,0.156,0.056,0.066,0.012,0.02,0.051
,,,,0.03,0.141,0.086,0.051,0.091,0.083,0.03,0.031
,,,,0.035,0.072,0.101,0.074,0.048,0.045,0.035,0.033
,,,,0.036,0.198,0.158,0.051,0.052,0.069,0.036,0.036
,,,,0.039,0.182,0.064,0.079,0.038,0.069,0.039,0.018
,,,,0.056,0.235,0.103,0.085,0.052,0.068,0.056,0.012
,,,,0.057,0.1415,0.0945,0.058,0.074,0.054,0.057,0.0365
,,,,0.068,0.176,0.145,0.063,0.057,0.072,0.068,0.037
,,,PCA_1,0.248,0.275,0.267,0.239,0.248,0.25,0.248,0.245
,,,,0.262,0.28,0.314,0.28,0.262,0.263,0.262,0.268
,,,,0.271,0.165,0.298,0.321,0.281,0.28,0.271,0.268
,,,,0.272,0.25,0.24,0.254,0.254,0.259,0.272,0.267
,,,,0.276,0.308,0.289,0.311,0.285,0.28,0.276,0.273
,,,,0.284,0.271,0.281,0.302,0.285,0.286,0.284,0.296
,,,,0.286,0.254,0.248,0.301,0.2885,0.2895,0.286,0.283
,,,,0.298,0.206,0.243,0.259,0.288,0.301,0.298,0.297
,,,,0.306,0.302,0.327,0.321,0.302,0.292,0.306,0.311
,,,PCA_2,0.256,0.213,0.251,0.255,0.238,0.253,0.256,0.268
,,,,0.274,0.235,0.282,0.265,0.277,0.277,0.274,0.271
,,,,0.287,0.235,0.281,0.265,0.266,0.282,0.287,0.291
,,,,0.288,0.277,0.315,0.302,0.29,0.284,0.288,0.283
,,,,0.289,0.226,0.263,0.28,0.283,0.286,0.289,0.299
,,,,0.297,0.351,0.349,0.33,0.305,0.296,0.297,0.295
,,,,0.298,0.2885,0.2865,0.282,0.2985,0.294,0.298,0.301
,,,,0.302,0.291,0.276,0.305,0.293,0.294,0.302,0.305
,,,,0.313,0.195,0.296,0.331,0.303,0.32,0.313,0.316
,,,PCA_3,0.346,0.49,0.386,0.364,0.316,0.33,0.346,0.352
,,,,0.364,0.519,0.514,0.424,0.415,0.367,0.364,0.343
,,,,0.378,0.516,0.505,0.476,0.379,0.388,0.378,0.377
,,,,0.381,0.244,0.386,0.414,0.391,0.409,0.381,0.378
,,,,0.383,0.4145,0.3845,0.409,0.3775,0.3825,0.383,0.366
,,,,0.416,0.359,0.487,0.463,0.459,0.452,0.416,0.42
,,,,0.424,0.398,0.462,0.501,0.405,0.417,0.424,0.4145
,,,,0.462,0.812,0.667,0.501,0.456,0.46,0.462,0.438
,,,x,0.726,0.778,0.707,0.75,0.762,0.741,0.726,0.739
,,,,0.736,0.799,0.774,0.788,0.77,0.751,0.736,0.75
,,,,0.751,0.773,0.778,0.788,0.782,0.757,0.751,0.758
,,,,0.757,0.763,0.772,0.787,0.762,0.758,0.757,0.744
,,,,0.761,0.8025,0.8005,0.774,0.7825,0.769,0.761,0.7555
,,,,0.766,0.797,0.785,0.773,0.767,0.769,0.766,0.756
,,,,0.769,0.761,0.769,0.778,0.763,0.77,0.769,0.777
,,,,0.784,0.834,0.795,0.777,0.777,0.783,0.784,0.766
,,,,0.787,0.801,0.832,0.795,0.794,0.785,0.787,0.772
,,,y,0.356,0.472,0.538,0.529,0.574,0.532,0.356,0.447
,,,,0.489,0.768,0.579,0.604,0.57,0.48,0.489,0.58
,,,,0.501,0.618,0.559,0.367,0.526,0.432,0.501,0.485
,,,,0.51,0.432,0.451,0.237,0.405,0.522,0.51,0.503
,,,,0.521,0.407,0.531,0.488,0.455,0.492,0.521,0.465
,,,,0.525,0.705,0.471,0.49,0.485,0.579,0.525,0.557
,,,,0.548,0.557,0.583,0.504,0.422,0.388,0.548,0.524
,,,,0.556,0.731,0.705,0.315,0.497,0.569,0.556,0.528
,,,,0.558,0.605,0.448,0.416,0.657,0.6,0.558,0.595
,,,,0.618,0.673,0.692,0.474,0.54,0.524,0.618,0.336
,,ccm_2,dx,0.632,0.739,0.74,0.658,0.663,0.646,0.632,0.637
,,,,0.633,0.7135,0.674,0.665,0.6485,0.6425,0.633,0.639
,,,,0.634,0.696,0.69,0.672,0.666,0.644,0.634,0.621
,,,,0.636,0.713,0.69,0.672,0.619,0.623,0.636,0.619
,,,,0.642,0.739,0.703,0.671,0.677,0.639,0.642,0.619
,,,,0.655,0.758,0.679,0.668,0.661,0.657,0.655,0.66
,,,,0.656,0.726,0.714,0.68,0.669,0.655,0.656,0.647
,,,,0.657,0.727,0.687,0.68,0.658,0.655,0.657,0.642
,,,,0.677,0.701,0.708,0.681,0.685,0.669,0.677,0.658
,,,dy,0.169,0.256,0.192,0.219,0.242,0.2,0.169,0.159
,,,,0.235,0.356,0.422,0.313,0.314,0.289,0.235,0.27
,,,,0.241,0.314,0.301,0.225,0.276,0.261,0.241,0.252
,,,,0.244,0.278,0.337,0.29,0.294,0.29,0.244,0.285
,,,,0.257,0.433,0.4,0.269,0.294,0.26,0.257,0.256
,,,,0.285,0.383,0.367,0.299,0.291,0.275,0.285,0.245
,,,,0.291,0.406,0.324,0.345,0.283,0.304,0.291,0.294
,,,,0.322,0.344,0.299,0.322,0.347,0.286,0.322,0.308
,,,,0.341,0.343,0.329,0.358,0.386,0.369,0.341,0.337
,,,,0.343,0.498,0.356,0.316,0.341,0.342,0.343,0.341
,,,PCA_1,0.57,0.812,0.561,0.734,0.649,0.625,0.57,0.592
,,,,0.653,0.837,0.628,0.667,0.639,0.718,0.653,0.672
,,,,0.655,0.616,0.716,0.729,0.671,0.665,0.655,0.679
,,,,0.657,0.816,0.687,0.683,0.588,0.733,0.657,0.666
,,,,0.664,0.662,0.8,0.715,0.713,0.685,0.664,0.684
,,,,0.668,0.608,0.818,0.696,0.741,0.63,0.668,0.697
,,,,0.7,0.757,0.708,0.604,0.724,0.709,0.7,0.734
,,,,0.711,0.603,0.725,0.649,0.753,0.693,0.711,0.678
,,,,0.735,0.837,0.559,0.723,0.766,0.652,0.735,0.649
,,,,0.771,0.616,0.722,0.741,0.791,0.695,0.771,0.813
,,,PCA_2,0.805,0.846,0.835,0.839,0.787,0.817,0.805,0.824
,,,,0.807,0.814,0.843,0.835,0.829,0.84,0.807,0.814
,,,,0.808,0.859,0.874,0.809,0.8,0.785,0.808,0.812
,,,,0.809,0.836,0.866,0.838,0.844,0.764,0.809,0.82
,,,,0.839,0.626,0.709,0.835,0.839,0.847,0.839,0.837
,,,,0.842,0.793,0.833,0.76,0.839,0.841,0.842,0.843
,,,,0.843,0.829,0.862,0.87,0.798,0.853,0.843,0.825
,,,,0.845,0.856,0.83,0.836,0.852,0.827,0.845,0.838
,,,,0.851,0.867,0.867,0.86,0.864,0.85,0.851,0.852
,,,,0.856,0.838,0.84,0.828,0.798,0.838,0.856,0.85
,,,PCA_3,0.754,0.752,0.725,0.745,0.808,0.816,0.754,0.755
,,,,0.812,0.909,0.8,0.829,0.777,0.826,0.812,0.821
,,,,0.817,0.822,0.878,0.812,0.82,0.787,0.817,0.833
,,,,0.819,0.8815,0.795,0.8465,0.807,0.8355,0.819,0.8175
,,,,0.83,0.711,0.832,0.865,0.835,0.86,0.83,0.822
,,,,0.831,0.853,0.85,0.854,0.792,0.857,0.831,0.825
,,,,0.855,0.894,0.8875,0.8595,0.798,0.8555,0.855,0.83
,,,,0.865,0.742,0.798,0.818,0.762,0.887,0.865,0.822
,,,x,0.859,0.912,0.817,0.894,0.875,0.872,0.859,0.865
,,,,0.862,0.899,0.922,0.892,0.919,0.903,0.862,0.864
,,,,0.865,0.901,0.899,0.912,0.911,0.88,0.865,0.867
,,,,0.876,0.877,0.923,0.902,0.886,0.892,0.876,0.859
,,,,0.878,0.916,0.929,0.916,0.875,0.882,0.878,0.88
,,,,0.883,0.897,0.838,0.922,0.854,0.897,0.883,0.88
,,,,0.89,0.935,0.883,0.889,0.895,0.891,0.89,0.891
,,,,0.896,0.892,0.927,0.921,0.87,0.892,0.896,0.877
,,,,0.903,0.932,0.938,0.916,0.916,0.903,0.903,0.889
,,,,0.905,0.92,0.939,0.926,0.925,0.911,0.905,0.891
,,,y,0.367,0.591,0.352,0.292,0.315,0.357,0.367,0.339
,,,,0.458,0.516,0.623,0.647,0.488,0.494,0.458,0.378
,,,,0.497,0.69,0.544,0.43,0.561,0.46,0.497,0.543
,,,,0.522,0.452,0.538,0.482,0.484,0.465,0.522,0.423
,,,,0.571,0.648,0.593,0.59,0.545,0.561,0.571,0.542
,,,,0.573,0.801,0.343,0.538,0.617,0.654,0.573,0.585
,,,,0.582,0.644,0.736,0.512,0.566,0.575,0.582,0.59
,,,,0.584,0.776,0.549,0.623,0.546,0.615,0.584,0.544
,,,,0.596,0.46,0.732,0.561,0.598,0.623,0.596,0.6
,,,,0.604,0.579,0.595,0.622,0.621,0.612,0.604,0.576
,predator_1,ccm_1,dx,0.757,0.885,0.919,0.833,0.839,0.841,0.757,0.838
,,,,0.797,0.81,0.867,0.826,0.824,0.819,0.797,0.79
,,,,0.808,0.878,0.87,0.84,0.833,0.843,0.808,0.828
,,,,0.823,0.843,0.806,0.835,0.843,0.848,0.823,0.825
,,,,0.829,0.88,0.856,0.86,0.845,0.835,0.829,0.831
,,,,0.839,0.865,0.871,0.846,0.793,0.831,0.839,0.828
,,,,0.84,0.886,0.867,0.856,0.852,0.843,0.84,0.812
,,,,0.841,0.889,0.869,0.871,0.859,0.852,0.841,0.846
,,,,0.847,0.9,0.847,0.854,0.857,0.853,0.847,0.846
,,,,0.879,0.774,0.814,0.858,0.885,0.866,0.879,0.859
,,,dy,0.132,0.28,0.381,0.365,0.167,0.323,0.132,0.321
,,,,0.212,0.437,0.417,0.383,0.35,0.295,0.212,0.411
,,,,0.281,0.204,0.317,0.4,0.262,0.289,0.281,0.207
,,,,0.287,0.197,0.173,0.302,0.428,0.373,0.287,0.337
,,,,0.379,0.373,0.448,0.43,0.387,0.405,0.379,0.33
,,,,0.381,0.371,0.4625,0.3705,0.3385,0.3255,0.381,0.39
,,,,0.392,0.43,0.425,0.374,0.295,0.288,0.392,0.344
,,,,0.414,0.585,0.468,0.437,0.406,0.469,0.414,0.435
,,,,0.428,0.307,0.313,0.344,0.374,0.523,0.428,0.347
,,,PCA_1,0.539,0.81,0.69,0.685,0.546,0.558,0.539,0.536
,,,,0.566,0.467,0.577,0.549,0.533,0.569,0.566,0.588
,,,,0.572,0.807,0.739,0.664,0.651,0.612,0.572,0.577
,,,,0.588,0.654,0.717,0.638,0.62,0.609,0.588,0.578
,,,,0.594,0.709,0.586,0.612,0.643,0.648,0.594,0.557
,,,,0.599,0.646,0.743,0.683,0.72,0.64,0.599,0.596
,,,,0.625,0.713,0.69,0.706,0.647,0.625,0.625,0.63
,,,,0.632,0.677,0.644,0.666,0.628,0.633,0.632,0.652
,,,,0.641,0.638,0.628,0.626,0.62,0.647,0.641,0.649
,,,,0.648,0.72,0.778,0.681,0.676,0.633,0.648,0.607
,,,PCA_2,0.754,0.807,0.769,0.771,0.766,0.768,0.754,0.746
,,,,0.764,0.779,0.7825,0.7865,0.792,0.768,0.764,0.767
,,,,0.772,0.796,0.799,0.804,0.782,0.786,0.772,0.77
,,,,0.774,0.821,0.804,0.769,0.767,0.767,0.774,0.775
,,,,0.776,0.804,0.866,0.786,0.796,0.795,0.776,0.788
,,,,0.805,0.708,0.826,0.804,0.823,0.812,0.805,0.802
,,,,0.806,0.84,0.784,0.804,0.807,0.807,0.806,0.796
,,,,0.822,0.783,0.793,0.835,0.818,0.828,0.822,0.803
,,,,0.843,0.755,0.8,0.831,0.849,0.845,0.843,0.833
,,,PCA_3,0.384,0.414,0.369,0.381,0.417,0.42,0.384,0.372
,,,,0.423,0.36,0.475,0.442,0.425,0.444,0.423,0.424
,,,,0.435,0.441,0.486,0.403,0.393,0.423,0.435,0.433
,,,,0.437,0.422,0.395,0.43,0.421,0.436,0.437,0.45
,,,,0.44,0.314,0.398,0.416,0.407,0.443,0.44,0.452
,,,,0.452,0.295,0.375,0.409,0.446,0.463,0.452,0.465
,,,,0.464,0.487,0.472,0.5,0.507,0.482,0.464,0.465
,,,,0.465,0.868,0.666,0.637,0.516,0.469,0.465,0.449
,,,,0.489,0.506,0.485,0.551,0.493,0.481,0.489,0.492
,,,,0.497,0.48,0.455,0.524,0.536,0.479,0.497,0.464
,,,x,0.436,0.854,0.883,0.537,0.558,0.576,0.436,0.587
,,,,0.54,0.869,0.642,0.704,0.647,0.561,0.54,0.458
,,,,0.59,0.586,0.59,0.663,0.614,0.567,0.59,0.575
,,,,0.609,0.699,0.633,0.629,0.604,0.588,0.609,0.611
,,,,0.613,0.525,0.386,0.605,0.531,0.611,0.613,0.635
,,,,0.616,0.799,0.694,0.581,0.636,0.669,0.616,0.621
,,,,0.634,0.764,0.797,0.697,0.697,0.661,0.634,0.633
,,,,0.659,0.751,0.725,0.728,0.64,0.615,0.659,0.614
,,,,0.667,0.458,0.549,0.595,0.64,0.528,0.667,0.629
,,,,0.73,0.874,0.691,0.755,0.752,0.733,0.73,0.714
,,,y,0.056,0.345,0.416,0.157,0.322,0.097,0.056,0.161
,,,,0.061,0.56,0.376,0.37,0.328,0.336,0.061,0.314
,,,,0.064,0.356,0.414,0.466,0.241,0.185,0.064,0.287
,,,,0.263,0.435,0.483,0.569,0.557,0.492,0.263,0.351
,,,,0.273,0.673,0.671,0.375,0.25,0.317,0.273,0.018
,,,,0.288,0.556,0.4335,0.3345,0.3085,0.282,0.288,0.241
,,,,0.3,0.574,0.311,0.33,0.262,0.254,0.3,0.169
,,,,0.31,0.654,0.545,0.45,0.337,0.286,0.31,0.441
,,,,0.434,0.707,0.657,0.614,0.315,0.389,0.434,0.309
,,ccm_2,dx,0.618,0.678,0.717,0.67,0.65,0.623,0.618,0.614
,,,,0.623,0.704,0.649,0.644,0.625,0.62,0.623,0.614
,,,,0.631,0.721,0.684,0.658,0.639,0.636,0.631,0.631
,,,,0.635,0.732,0.741,0.642,0.644,0.651,0.635,0.631
,,,,0.638,0.741,0.71,0.664,0.656,0.646,0.638,0.648
,,,,0.643,0.737,0.692,0.683,0.658,0.662,0.643,0.65
,,,,0.65,0.702,0.68,0.663,0.653,0.643,0.65,0.657
,,,,0.661,0.741,0.704,0.666,0.663,0.662,0.661,0.636
,,,,0.663,0.744,0.669,0.662,0.653,0.656,0.663,0.652
,,,,0.667,0.666,0.681,0.688,0.68,0.671,0.667,0.661
,,,dy,0.181,0.317,0.249,0.173,0.236,0.286,0.181,0.259
,,,,0.199,0.239,0.253,0.319,0.305,0.209,0.199,0.129
,,,,0.236,0.375,0.41,0.277,0.282,0.214,0.236,0.229
,,,,0.273,0.4,0.348,0.32,0.326,0.291,0.273,0.249
,,,,0.274,0.293,0.317,0.302,0.256,0.245,0.274,0.231
,,,,0.299,0.272,0.3025,0.3125,0.272,0.26,0.299,0.2585
,,,,0.303,0.432,0.421,0.307,0.29,0.32,0.303,0.315
,,,,0.31,0.469,0.342,0.331,0.312,0.329,0.31,0.314
,,,,0.317,0.281,0.365,0.365,0.295,0.264,0.317,0.276
,,,PCA_1,0.578,0.858,0.71,0.667,0.607,0.596,0.578,0.577
,,,,0.623,0.823,0.801,0.638,0.676,0.644,0.623,0.613
,,,,0.634,0.83,0.615,0.707,0.61,0.594,0.634,0.69
,,,,0.636,0.726,0.787,0.715,0.608,0.63,0.636,0.6
,,,,0.638,0.764,0.674,0.663,0.611,0.682,0.638,0.649
,,,,0.653,0.625,0.809,0.649,0.773,0.664,0.653,0.65
,,,,0.664,0.594,0.75,0.716,0.668,0.633,0.664,0.654
,,,,0.667,0.549,0.561,0.656,0.627,0.711,0.667,0.628
,,,,0.668,0.533,0.565,0.588,0.593,0.68,0.668,0.682
,,,,0.675,0.568,0.829,0.583,0.688,0.671,0.675,0.615
,,,PCA_2,0.752,0.824,0.797,0.833,0.789,0.768,0.752,0.796
,,,,0.757,0.844,0.789,0.824,0.809,0.778,0.757,0.77
,,,,0.788,0.84,0.843,0.848,0.809,0.825,0.788,0.785
,,,,0.804,0.846,0.861,0.799,0.829,0.831,0.804,0.82
,,,,0.806,0.818,0.833,0.83,0.838,0.746,0.806,0.804
,,,,0.809,0.553,0.855,0.838,0.847,0.825,0.809,0.802
,,,,0.822,0.836,0.837,0.81,0.822,0.814,0.822,0.811
,,,,0.83,0.835,0.793,0.817,0.831,0.807,0.83,0.806
,,,,0.833,0.812,0.852,0.856,0.798,0.84,0.833,0.813
,,,,0.85,0.811,0.816,0.858,0.861,0.85,0.85,0.843
,,,PCA_3,0.751,0.813,0.714,0.79,0.804,0.815,0.751,0.76
,,,,0.771,0.8,0.812,0.752,0.821,0.793,0.771,0.732
,,,,0.792,0.894,0.799,0.844,0.839,0.792,0.792,0.842
,,,,0.793,0.821,0.765,0.818,0.788,0.822,0.793,0.816
,,,,0.81,0.873,0.883,0.891,0.766,0.776,0.81,0.794
,,,,0.819,0.823,0.873,0.816,0.788,0.799,0.819,0.824
,,,,0.83,0.918,0.727,0.886,0.759,0.846,0.83,0.813
,,,,0.841,0.628,0.762,0.829,0.859,0.841,0.841,0.819
,,,,0.852,0.873,0.85,0.833,0.794,0.828,0.852,0.838
,,,,0.862,0.963,0.926,0.895,0.756,0.863,0.862,0.839
,,,x,0.379,0.4,0.354,0.392,0.378,0.306,0.379,0.202
,,,,0.434,0.671,0.593,0.512,0.468,0.392,0.434,0.475
,,,,0.533,0.871,0.665,0.698,0.63,0.537,0.533,0.541
,,,,0.572,0.838,0.865,0.521,0.547,0.547,0.572,0.591
,,,,0.6,0.787,0.707,0.569,0.613,0.61,0.6,0.593
,,,,0.611,0.705,0.614,0.596,0.613,0.565,0.611,0.621
,,,,0.623,0.744,0.756,0.702,0.708,0.649,0.623,0.613
,,,,0.647,0.471,0.571,0.604,0.682,0.64,0.647,0.545
,,,,0.651,0.762,0.771,0.718,0.642,0.615,0.651,0.615
,,,,0.72,0.865,0.706,0.755,0.721,0.732,0.72,0.736
,,,y,0.027,0.222,-0.12,0.062,0.138,0.035,0.027,-0.017
,,,,0.148,0.732,0.541,0.366,0.374,0.337,0.148,0.181
,,,,0.2,0.653,0.257,0.348,0.227,0.256,0.2,0.212
,,,,0.244,0.514,0.37,0.424,0.278,0.307,0.244,0.214
,,,,0.276,0.51,0.343,0.242,0.257,0.225,0.276,0.192
,,,,0.28,0.326,0.34,0.319,0.29,0.19,0.28,0.277
,,,,0.285,0.397,0.353,0.364,0.337,0.274,0.285,0.19
,,,,0.308,0.707,0.573,0.595,0.404,0.369,0.308,0.308
,,,,0.328,0.66,0.4,0.326,0.323,0.32,0.328,0.354
,,,,0.392,0.629,0.389,0.474,0.499,0.385,0.392,0.384
Total Result,,,,,0.538990476190477,0.500211904761905,0.478932142857143,0.46450119047619,0.456903571428571,0.453130952380953,0.450170238095238
