"episodes_total","training.model.use_lstm: true - _step","training.model.use_lstm: true - _step__MIN","training.model.use_lstm: true - _step__MAX","training.model.use_lstm: true - episode_len_mean","training.model.use_lstm: true - episode_len_mean__MIN","training.model.use_lstm: true - episode_len_mean__MAX"
"2","0","0","0","101","101","101"
"100","1","1","1","101","101","101"
"200","2","2","2","101","101","101"
"300","3","3","3","101","101","101"
"400","4","4","4","101","101","101"
"500","5","5","5","100.943125","100.54","101"
"600","6","6","6","100.97125","100.62","101"
"700","7","7","7","100.65312500000002","98.17","101"
"800","8","8","8","100.32124999999999","98.05","101"
"900","9","9","9","100.18133333333331","97.44","101"
"901","9","9","9","97.28","97.28","97.28"
"1000","10","10","10","100.11785714285713","96.76","101"
"1002","10","10","10","94.945","92.66","97.23"
"1100","11","11","11","99.53999999999999","93.92","101"
"1101","11","11","11","94.66","94.66","94.66"
"1102","11","11","11","99.32","99.32","99.32"
"1103","11","11","11","96.71","96.71","96.71"
"1200","12","12","12","99.79454545454546","97.48","101"
"1201","12","12","12","97.295","96.78","97.81"
"1203","12","12","12","92.75666666666666","89.66","97.56"
"1300","13","13","13","99.694","95.42","101"
"1301","13","13","13","96.96","96.96","96.96"
"1302","13","13","13","93.315","89.31","97.32"
"1304","13","13","13","92.485","91.98","92.99"
"1306","13","13","13","91.7","91.7","91.7"
"1400","14","14","14","99.6066666666667","97.96","101"
"1401","14","14","14","94.975","91.78","98.17"
"1403","14","14","14","94.82","94.82","94.82"
"1404","14","14","14","89.55","89.55","89.55"
"1405","14","14","14","91.61500000000001","90.62","92.61"
"1414","14","14","14","80.09","80.09","80.09"
"1500","15","15","15","99.41874999999999","96.64","101"
"1501","15","15","15","95.1","91.98","98.22"
"1503","15","15","15","91.98500000000001","91.54","92.43"
"1506","15","15","15","89.95","89.95","89.95"
"1507","15","15","15","88.74","88.74","88.74"
"1508","15","15","15","83.63","83.63","83.63"
"1519","15","15","15","86.59","86.59","86.59"
"1600","16","16","16","98.36428571428573","94.45","100.85"
"1601","16","16","16","96.64500000000001","95.39","97.9"
"1604","16","16","16","89.62","89.62","89.62"
"1606","16","16","16","89.175","87.99","90.36"
"1607","16","16","16","95.01","95.01","95.01"
"1609","16","16","16","89.95","89.95","89.95"
"1612","16","16","16","92.26","92.26","92.26"
"1620","16","16","16","94.17","94.17","94.17"
"1700","17","17","17","99.3775","96.39","100.95"
"1701","17","17","17","96.255","95.57","96.94"
"1702","17","17","17","93.56","93.56","93.56"
"1703","17","17","17","93.17","93.17","93.17"
"1704","17","17","17","88.91","88.91","88.91"
"1707","17","17","17","87.995","87.75","88.24"
"1709","17","17","17","94.1","94.1","94.1"
"1710","17","17","17","87.97","87.97","87.97"
"1713","17","17","17","89.22999999999999","88.75","89.71"
"1722","17","17","17","92.6","92.6","92.6"
"1800","18","18","18","100.23333333333333","100.06","100.4"
"1801","18","18","18","95.55","94.32","96.22"
"1803","18","18","18","95.99","95.99","95.99"
"1804","18","18","18","91.515","91.43","91.6"
"1809","18","18","18","88.42","88.42","88.42"
"1810","18","18","18","92.6","92.6","92.6"
"1811","18","18","18","90.04","90.04","90.04"
"1812","18","18","18","84.54","84.54","84.54"
"1816","18","18","18","88.96000000000001","88.91","89.01"
"1826","18","18","18","87.34","87.34","87.34"
"1900","19","19","19","99.45","98.6","101"
"1901","19","19","19","95.44666666666667","93.68","96.87"
"1903","19","19","19","95.93","95.93","95.93"
"1904","19","19","19","94.05","92.61","95.49"
"1910","19","19","19","91.54","91.54","91.54"
"1913","19","19","19","90.44","90.44","90.44"
"1915","19","19","19","85.86","85.86","85.86"
"1917","19","19","19","91.8","91.8","91.8"
"1918","19","19","19","85.65","85.65","85.65"
"1922","19","19","19","81.83","81.83","81.83"
"1933","19","19","19","83.16","83.16","83.16"
"2000","20","20","20","99.83999999999999","97.82","100.89"
"2002","20","20","20","92.525","90.2","94.85"
"2003","20","20","20","98.42","98.42","98.42"
"2005","20","20","20","93.84","91.74","95.94"
"2006","20","20","20","90.95","90.95","90.95"
"2015","20","20","20","82.84","82.84","82.84"
"2018","20","20","20","84.22","84.22","84.22"
"2019","20","20","20","88.17","88.17","88.17"
"2022","20","20","20","96.97","96.97","96.97"
"2025","20","20","20","80.48","80.48","80.48"
"2029","20","20","20","79.84","79.84","79.84"
"2050","20","20","20","72.27","72.27","72.27"
"2100","21","21","21","98.935","97.72","100.15"
"2102","21","21","21","96.65","96.65","96.65"
"2103","21","21","21","92.97","92.97","92.97"
"2104","21","21","21","92.415","89.79","95.04"
"2108","21","21","21","92.50666666666666","91.42","93.5"
"2118","21","21","21","87.83","87.83","87.83"
"2122","21","21","21","85.25","85.25","85.25"
"2124","21","21","21","87.67","87.67","87.67"
"2126","21","21","21","84.13","84.13","84.13"
"2135","21","21","21","83.56","83.56","83.56"
"2140","21","21","21","74.72","74.72","74.72"
"2156","21","21","21","84.65","84.65","84.65"
"2200","22","22","22","97.99000000000001","97.62","98.36"
"2202","22","22","22","96.17","96.17","96.17"
"2204","22","22","22","95.03","95.03","95.03"
"2207","22","22","22","89.18","89.18","89.18"
"2208","22","22","22","88.04","88.04","88.04"
"2209","22","22","22","92.8","92.8","92.8"
"2210","22","22","22","88.85","88.85","88.85"
"2211","22","22","22","94.26","94.26","94.26"
"2220","22","22","22","91.65","91.65","91.65"
"2225","22","22","22","90.66","90.66","90.66"
"2230","22","22","22","82.01","82.01","82.01"
"2231","22","22","22","83.67","83.67","83.67"
"2241","22","22","22","79.62","79.62","79.62"
"2249","22","22","22","83.72","83.72","83.72"
"2266","22","22","22","76.09","76.09","76.09"
"2300","23","23","23","98.03","97.25","98.81"
"2302","23","23","23","97.25","97.25","97.25"
"2307","23","23","23","87.52","87.52","87.52"
"2309","23","23","23","88.68","88.68","88.68"
"2310","23","23","23","95.21","95.21","95.21"
"2313","23","23","23","89.24","89.24","89.24"
"2314","23","23","23","82.82","82.82","82.82"
"2315","23","23","23","87.37","87.37","87.37"
"2321","23","23","23","89.59","89.59","89.59"
"2325","23","23","23","91.62","91.62","91.62"
"2339","23","23","23","80.17","80.17","80.17"
"2341","23","23","23","81.22","81.22","81.22"
"2346","23","23","23","80.88","80.88","80.88"
"2357","23","23","23","81.85","81.85","81.85"
"2376","23","23","23","79.32","79.32","79.32"
"2400","24","24","24","98.14","98.12","98.16"
"2402","24","24","24","94.05","94.05","94.05"
"2411","24","24","24","90.355","88.59","92.12"
"2413","24","24","24","90.19","90.19","90.19"
"2416","24","24","24","88.97999999999999","88.55","89.41"
"2417","24","24","24","88.84","88.84","88.84"
"2421","24","24","24","96.77","96.77","96.77"
"2429","24","24","24","85.16","85.16","85.16"
"2442","24","24","24","87.24","87.24","87.24"
"2448","24","24","24","79.93","79.93","79.93"
"2455","24","24","24","78.86","78.86","78.86"
"2459","24","24","24","89.46","89.46","89.46"
"2482","24","24","24","79.37","79.37","79.37"
"2500","25","25","25","101","101","101"
"2502","25","25","25","93.705","90.53","96.88"
"2511","25","25","25","95.25","94.33","96.17"
"2516","25","25","25","88.87","88.87","88.87"
"2518","25","25","25","86.34","86.34","86.34"
"2519","25","25","25","83.995","83.32","84.67"
"2528","25","25","25","85.93","85.93","85.93"
"2541","25","25","25","77.06","77.06","77.06"
"2550","25","25","25","94.95","94.95","94.95"
"2553","25","25","25","75.7","75.7","75.7"
"2561","25","25","25","84.66","84.66","84.66"
"2567","25","25","25","74.2","74.2","74.2"
"2588","25","25","25","82.72","82.72","82.72"
"2600","26","26","26","100.49","100.49","100.49"
"2605","26","26","26","92.31","92.31","92.31"
"2607","26","26","26","88.36","88.36","88.36"
"2611","26","26","26","100.07","100.07","100.07"
"2614","26","26","26","88.94","88.94","88.94"
"2621","26","26","26","85.36","85.36","85.36"
"2626","26","26","26","83.01","83.01","83.01"
"2629","26","26","26","80.92","80.92","80.92"
"2631","26","26","26","79.89","79.89","79.89"
"2634","26","26","26","85.79","85.79","85.79"
"2650","26","26","26","89.61","78.45","100.77"
"2666","26","26","26","73.95","73.95","73.95"
"2667","26","26","26","86.58","86.58","86.58"
"2671","26","26","26","87.45","87.45","87.45"
"2700","27","27","27","97.17","97.17","97.17"
"2705","26.5","26","27","82.855","70.2","95.51"
"2709","27","27","27","88.78","88.78","88.78"
"2712","27","27","27","86.46","86.46","86.46"
"2716","27","27","27","89.46","89.46","89.46"
"2730","27","27","27","82.23","80.65","83.81"
"2735","27","27","27","86.78","86.78","86.78"
"2737","27","27","27","79.33","79.33","79.33"
"2742","27","27","27","80.88","80.88","80.88"
"2750","27","27","27","98.47","98.47","98.47"
"2755","27","27","27","86.02","86.02","86.02"
"2771","27","27","27","88.82","88.82","88.82"
"2779","27","27","27","81.02","81.02","81.02"
"2784","27","27","27","73.28","73.28","73.28"
"2801","28","28","28","94.47","94.47","94.47"
"2805","28","28","28","95.76","95.76","95.76"
"2810","28","28","28","91.76","91.76","91.76"
"2818","28","28","28","92.25","92.25","92.25"
"2820","28","28","28","78.36","78.36","78.36"
"2826","27","27","27","69.62","69.62","69.62"
"2834","28","28","28","82.49","82.49","82.49"
"2839","28","28","28","82.44","82.44","82.44"
"2843","28","28","28","80.45","80.45","80.45"
"2846","28","28","28","78.33","78.33","78.33"
"2847","28","28","28","84.49","84.49","84.49"
"2857","28","28","28","80.95","80.95","80.95"
"2866","28","28","28","81.07","81.07","81.07"
"2874","28","28","28","93.32","93.32","93.32"
"2888","28","28","28","79.21","79.21","79.21"
"2891","28","28","28","77.85","77.85","77.85"
"2901","29","29","29","96.25","96.25","96.25"
"2906","29","29","29","95.37","95.37","95.37"
"2910","29","29","29","97.7","97.7","97.7"
"2919","29","29","29","87.72","87.72","87.72"
"2923","29","29","29","82.44","82.44","82.44"
"2940","29","29","29","80.09","80.09","80.09"
"2941","28.5","28","29","80.33","74.05","86.61"
"2950","29","29","29","87.98","87.98","87.98"
"2957","29","29","29","78.13","78.13","78.13"
"2958","29","29","29","73.93","73.93","73.93"
"2963","29","29","29","85.78","85.78","85.78"
"2980","29","29","29","77.68","77.68","77.68"
"2983","29","29","29","83.2","83.2","83.2"
"2998","29","29","29","82.63","82.63","82.63"
"3001","30","30","30","97.96","97.96","97.96"
"3004","29","29","29","72.31","72.31","72.31"
"3010","30","30","30","89.73","89.73","89.73"
"3014","30","30","30","89","89","89"
"3020","30","30","30","88.26","88.26","88.26"
"3031","30","30","30","76.9","76.9","76.9"
"3044","30","30","30","85.57","85.57","85.57"
"3045","30","30","30","91.98","91.98","91.98"
"3052","29","29","29","77.36","77.36","77.36"
"3053","30","30","30","88.15","88.15","88.15"
"3064","30","30","30","79.97","79.97","79.97"
"3068","30","30","30","85.45","85.45","85.45"
"3072","30","30","30","76.14","76.14","76.14"
"3092","30","30","30","78.22","78.22","78.22"
"3094","30","30","30","75.64","75.64","75.64"
"3101","31","31","31","98.19","98.19","98.19"
"3107","30","30","30","75.35","75.35","75.35"
"3113","31","31","31","94.72","94.72","94.72"
"3116","31","31","31","87.07","87.07","87.07"
"3122","31","31","31","88.93","88.93","88.93"
"3128","30","30","30","66.43","66.43","66.43"
"3138","31","31","31","78.69","78.69","78.69"
"3146","31","31","31","87.9","87.9","87.9"
"3148","31","31","31","83.27","83.27","83.27"
"3163","31","31","31","81.9","81.9","81.9"
"3171","30","30","30","68.37","68.37","68.37"
"3172","31","31","31","87","87","87"
"3175","31","31","31","76.74","76.74","76.74"
"3177","31","31","31","87","87","87"
"3201","32","32","32","97.98","97.98","97.98"
"3208","31","31","31","70.29","70.29","70.29"
"3210","31","31","31","75.15","75.15","75.15"
"3215","32","32","32","90.69","90.69","90.69"
"3217","32","32","32","91.16","91.16","91.16"
"3225","31","31","31","71.43","71.43","71.43"
"3227","32","32","32","86.09","86.09","86.09"
"3240","32","32","32","83.13","83.13","83.13"
"3241","31","31","31","77.24","77.24","77.24"
"3255","32","32","32","82.19","82.19","82.19"
"3259","32","32","32","73.25","73.25","73.25"
"3272","32","32","32","76.81","76.81","76.81"
"3279","32","32","32","89.3","89.3","89.3"
"3282","31","31","31","79.39","79.39","79.39"
"3286","32","32","32","75.52","75.52","75.52"
"3290","32","32","32","70.43","70.43","70.43"
"3301","33","33","33","94.86","94.86","94.86"
"3316","33","33","33","90.97","90.97","90.97"
"3320","33","33","33","89.57","89.57","89.57"
"3324","32","32","32","74.28","74.28","74.28"
"3326","32","32","32","71.69","71.69","71.69"
"3335","33","33","33","80.99","80.99","80.99"
"3342","32","32","32","71.3","71.3","71.3"
"3352","32","32","32","77.62","77.62","77.62"
"3355","33","33","33","73.65","73.65","73.65"
"3362","33","33","33","79.4","79.4","79.4"
"3363","33","33","33","81.18","81.18","81.18"
"3378","33","33","33","82.91","82.91","82.91"
"3382","33","33","33","92.59","92.59","92.59"
"3392","32","32","32","78.17","78.17","78.17"
"3395","33","33","33","79.86","79.86","79.86"
"3401","34","34","34","95.97","95.97","95.97"
"3412","33","33","33","67.42","67.42","67.42"
"3417","34","34","34","90.65","90.65","90.65"
"3421","34","34","34","97.22","97.22","97.22"
"3434","33","33","33","79.435","79.1","79.77"
"3448","33.5","33","34","77.87","72.97","82.77"
"3469","34","34","34","77.24","77.24","77.24"
"3470","34","34","34","78.77","78.77","78.77"
"3473","34","34","34","75.9","75.9","75.9"
"3480","33","33","33","65.56","65.56","65.56"
"3490","34","34","34","80.24","80.24","80.24"
"3492","34","34","34","72.94","72.94","72.94"
"3498","34","34","34","90.03","90.03","90.03"
"3501","35","35","35","93.47","93.47","93.47"
"3513","33","33","33","67.35","67.35","67.35"
"3519","35","35","35","89.3","89.3","89.3"
"3521","35","35","35","93.99","93.99","93.99"
"3534","34","34","34","68.9","68.9","68.9"
"3544","34","34","34","79.03","79.03","79.03"
"3552","35","35","35","85.27","85.27","85.27"
"3554","34","34","34","67.92","67.92","67.92"
"3559","34","34","34","75.32","75.32","75.32"
"3580","35","35","35","78.31","78.31","78.31"
"3581","35","35","35","78.63","78.63","78.63"
"3584","35","35","35","72.12","72.12","72.12"
"3597","34.5","34","35","75.305","73.18","77.43"
"3601","36","36","36","89.59","89.59","89.59"
"3604","35","35","35","83.73","83.73","83.73"
"3608","35","35","35","67.05","67.05","67.05"
"3620","36","36","36","97.63","97.63","97.63"
"3628","35","34","36","79.99000000000001","74.06","85.92"
"3646","35","35","35","75.39","75.39","75.39"
"3660","35","35","35","72.65","72.65","72.65"
"3663","36","36","36","80.72","80.72","80.72"
"3673","35","35","35","70.62","70.62","70.62"
"3681","35","35","35","63.17","63.17","63.17"
"3690","36","36","36","75.33","75.33","75.33"
"3700","36","36","36","69.46000000000001","67.05","71.87"
"3703","37","37","37","90.5","90.5","90.5"
"3711","36","36","36","82.12","82.12","82.12"
"3716","36","36","36","70.62","70.62","70.62"
"3720","36","35","37","80.815","67.9","93.73"
"3730","36","36","36","67.78","67.78","67.78"
"3738","37","37","37","81.37","81.37","81.37"
"3750","35","35","35","65.9","65.9","65.9"
"3759","36","36","36","76.33","76.33","76.33"
"3780","37","37","37","73.63","73.63","73.63"
"3790","36","36","36","61.51","61.51","61.51"
"3801","36.5","36","37","73.28","68.67","77.89"
"3802","36","36","36","62.43","62.43","62.43"
"3806","38","38","38","84.36","84.36","84.36"
"3814","37","37","37","72.09","72.09","72.09"
"3820","37","37","37","71.09","71.09","71.09"
"3821","37.5","37","38","82.845","72.4","93.29"
"3823","37","37","37","86.65","86.65","86.65"
"3837","36","36","36","70.78","70.78","70.78"
"3839","38","38","38","96.12","96.12","96.12"
"3857","37","37","37","63.91","63.91","63.91"
"3860","36","36","36","75.33","75.33","75.33"
"3880","37","37","37","66.94","66.94","66.94"
"3885","38","38","38","84.72","84.72","84.72"
"3911","39","39","39","86.31","86.31","86.31"
"3912","38","38","38","73.85","73.85","73.85"
"3914","37","37","37","70.64","70.64","70.64"
"3918","37","37","37","70.66","70.66","70.66"
"3924","39","39","39","87.28","87.28","87.28"
"3926","37","37","37","69.06","69.06","69.06"
"3928","38","38","38","78.44","78.44","78.44"
"3932","38","38","38","79.76","79.76","79.76"
"3935","38","38","38","70.25","70.25","70.25"
"3937","38","38","38","70.26","70.26","70.26"
"3942","39","39","39","90.25","90.25","90.25"
"3958","37","37","37","68.08","68.08","68.08"
"3974","37","37","37","70.91","70.91","70.91"
"3985","38","38","38","66.06","66.06","66.06"
"3992","39","39","39","81.14","81.14","81.14"
"4006","38","38","38","65.56","65.56","65.56"
"4016","40","40","40","85.77","85.77","85.77"
"4023","39","39","39","75.3","75.3","75.3"
"4026","40","40","40","82.38","82.38","82.38"
"4033","38","38","38","65.14","65.14","65.14"
"4037","39","39","39","77.34","77.34","77.34"
"4040","38","38","38","66.83","66.83","66.83"
"4044","39","39","39","75.305","72.14","78.47"
"4045","40","40","40","86.62","86.62","86.62"
"4047","38","38","38","69.65","69.65","69.65"
"4060","39","39","39","65.94","65.94","65.94"
"4078","38","38","38","72.18","72.18","72.18"
"4099","38","38","38","67.08","67.08","67.08"
"4107","39","39","39","66.07","66.07","66.07"
"4111","40","40","40","73.65","73.65","73.65"
"4123","41","41","41","80.82","80.82","80.82"
"4125","40","40","40","95.72","95.72","95.72"
"4126","40","39","41","81.55","65.61","97.49"
"4150","40","40","40","83.26","83.26","83.26"
"4151","41","41","41","83.14","83.14","83.14"
"4154","40","40","40","70.75","70.75","70.75"
"4155","39","39","39","67.2","67.2","67.2"
"4158","39","39","39","69.88","69.88","69.88"
"4163","39","39","39","69.6","69.6","69.6"
"4166","40","40","40","66.42","66.42","66.42"
"4179","40","40","40","68.43","68.43","68.43"
"4198","39","39","39","66.74","66.74","66.74"
"4224","40","40","40","68.99","68.99","68.99"
"4227","39","39","39","65.9","65.9","65.9"
"4229","42","42","42","90.19","90.19","90.19"
"4230","41","41","41","78.48","72.28","84.68"
"4233","42","42","42","78.43","78.43","78.43"
"4246","40","40","40","71.44","71.44","71.44"
"4265","40","40","40","77.94","77.94","77.94"
"4266","42","42","42","72.13","72.13","72.13"
"4269","41","41","41","70.28999999999999","68.16","72.42"
"4274","40","40","40","78.66","78.66","78.66"
"4275","41","41","41","81.57","81.57","81.57"
"4289","40","40","40","61.12","61.12","61.12"
"4294","41","41","41","73.99","73.99","73.99"
"4325","40","40","40","66.55","66.55","66.55"
"4329","43","43","43","91.32","91.32","91.32"
"4335","43","43","43","91.54","91.54","91.54"
"4338","42","42","42","83.73","83.73","83.73"
"4341","42","42","42","79.31","79.31","79.31"
"4348","41","41","41","68.62","68.62","68.62"
"4350","40","40","40","70.41","70.41","70.41"
"4372","41","41","41","68.04","68.04","68.04"
"4376","43","43","43","74.5","74.5","74.5"
"4383","42","42","42","86.21","86.21","86.21"
"4384","41.5","41","42","72.83","71.63","74.03"
"4388","42","42","42","67.42","67.42","67.42"
"4389","41","41","41","70.55","70.55","70.55"
"4418","41.5","41","42","66.275","65.16","67.39"
"4430","44","44","44","93.51","93.51","93.51"
"4436","44","44","44","87.12","87.12","87.12"
"4444","41","41","41","71.93","71.93","71.93"
"4446","43","43","43","79.24","79.24","79.24"
"4449","43","43","43","80.91","80.91","80.91"
"4471","41","41","41","67.84","67.84","67.84"
"4474","42","42","42","69.24","69.24","69.24"
"4485","42","42","42","73.21","73.21","73.21"
"4488","44","44","44","79.26","79.26","79.26"
"4496","43","43","43","76.01","76.01","76.01"
"4500","43","43","43","70.28","70.28","70.28"
"4501","42","42","42","73.8","73.8","73.8"
"4509","42","42","42","66.58","66.58","66.58"
"4515","43","43","43","63.53","63.53","63.53"
"4536","42.5","42","43","70.905","67.85","73.96"
"4537","45","45","45","92.34","92.34","92.34"
"4538","45","45","45","79.62","79.62","79.62"
"4560","44","44","44","75.36","75.36","75.36"
"4563","44","44","44","75.67","75.67","75.67"
"4564","42","42","42","66.3","66.3","66.3"
"4586","43","43","43","70.33","70.33","70.33"
"4595","42","42","42","69.64","69.64","69.64"
"4603","44","43","45","74.25","73.63","74.87"
"4604","43","43","43","93.92","93.92","93.92"
"4623","44","44","44","65.8","65.8","65.8"
"4624","44","44","44","64.83","64.83","64.83"
"4625","43","43","43","75.32","75.32","75.32"
"4640","44","44","44","64.53","64.53","64.53"
"4644","46","46","46","85.04","85.04","85.04"
"4647","44","44","44","75.09","75.09","75.09"
"4648","46","46","46","76.8","76.8","76.8"
"4652","43","43","43","73.07","73.07","73.07"
"4670","45","45","45","82.51","82.51","82.51"
"4676","45","45","45","70.14","70.14","70.14"
"4677","43","43","43","70.96","70.96","70.96"
"4702","44","44","44","75.46","75.46","75.46"
"4704","46","46","46","83.03","83.03","83.03"
"4708","44","44","44","87.68","87.68","87.68"
"4719","43","43","43","68.05","68.05","68.05"
"4721","44","44","44","70.58","70.58","70.58"
"4742","44","44","44","68.87","68.87","68.87"
"4743","45","45","45","69.4","69.4","69.4"
"4745","45","45","45","62.43","62.43","62.43"
"4752","47","47","47","81.7","81.7","81.7"
"4763","46","45","47","69.82","65.62","74.02"
"4765","45","45","45","68.01","68.01","68.01"
"4774","44","44","44","70.33","70.33","70.33"
"4780","46","46","46","78.39","78.39","78.39"
"4789","46","46","46","72.75","72.75","72.75"
"4797","44","44","44","69.08","69.08","69.08"
"4809","45","45","45","91.31","91.31","91.31"
"4817","45","45","45","72.95","72.95","72.95"
"4824","47","47","47","71.96","71.96","71.96"
"4837","45","45","45","67.82","67.82","67.82"
"4838","44","44","44","69.58","69.58","69.58"
"4853","46","46","46","80.43","80.43","80.43"
"4857","48","48","48","84.22","84.22","84.22"
"4861","45","45","45","65.01","65.01","65.01"
"4873","48","48","48","78.57","78.57","78.57"
"4880","46","46","46","64.22","64.22","64.22"
"4894","46","46","46","64.62","64.62","64.62"
"4895","46","46","46","59.99","59.99","59.99"
"4898","45","45","45","66.95","66.95","66.95"
"4900","47","47","47","77.77","77.77","77.77"
"4904","47","47","47","67.68","67.68","67.68"
"4914","46","46","46","87.12","87.12","87.12"
"4926","45","45","45","66.06","66.06","66.06"
"4939","48","48","48","74.05","74.05","74.05"
"4940","46","46","46","70.86","70.86","70.86"
"4960","45","45","45","71.99","71.99","71.99"
"4965","46","46","46","63.95","63.95","63.95"
"4969","48","47","49","74.3","73.53","75.07"
"4977","49","49","49","85.38","85.38","85.38"
"4982","46","46","46","69.29","69.29","69.29"
"5000","47","47","47","71.43","71.43","71.43"
"5018","47","46","48","69.755","68.27","71.24"
"5022","47","47","47","72.08","63.03","81.13"
"5026","48","48","48","68.1","68.1","68.1"
"5031","47","47","47","61.64","61.64","61.64"
"5039","47.5","46","49","83.955","74.45","93.46"
"5054","47","47","47","76.22","76.22","76.22"
"5077","46","46","46","71.08","71.08","71.08"
"5080","50","50","50","77.84","77.84","77.84"
"5083","50","50","50","84.52","84.52","84.52"
"5084","48","48","48","75.06","75.06","75.06"
"5089","47","47","47","65.34","65.34","65.34"
"5106","47","47","47","65.4","65.4","65.4"
"5123","48","48","48","67.59","67.59","67.59"
"5134","47","47","47","73.26","73.26","73.26"
"5138","48.5","48","49","72.255","71.74","72.77"
"5140","50","50","50","89.8","89.8","89.8"
"5144","49","49","49","68.89","68.89","68.89"
"5150","48","48","48","65.97","65.97","65.97"
"5159","48","48","48","63.67","63.67","63.67"
"5162","47","47","47","68.06","68.06","68.06"
"5185","51","51","51","89.16","89.16","89.16"
"5188","51","51","51","80.64","80.64","80.64"
"5190","48","48","48","56.31","56.31","56.31"
"5193","47","47","47","68.59","68.59","68.59"
"5204","49","49","49","69.54","69.54","69.54"
"5217","48","48","48","60.31","60.31","60.31"
"5230","48","48","48","64.79","64.79","64.79"
"5249","49","49","49","75.7","75.7","75.7"
"5250","51","51","51","77.97","77.97","77.97"
"5251","49","49","49","66.06","66.06","66.06"
"5257","48","48","48","69.34","69.34","69.34"
"5264","50","50","50","64.53999999999999","64.17","64.91"
"5275","49","49","49","63.19","63.19","63.19"
"5282","48","48","48","69.29","69.29","69.29"
"5289","49","49","49","63.96","63.96","63.96"
"5295","52","52","52","84.92","84.92","84.92"
"5298","52","52","52","76.62","76.62","76.62"
"5321","49","49","49","62.76","62.76","62.76"
"5323","48","48","48","60.62","60.62","60.62"
"5324","50","50","50","69.26","69.26","69.26"
"5342","49","49","49","67","67","67"
"5354","49","49","49","63.33","63.33","63.33"
"5356","52","52","52","83.98","83.98","83.98"
"5364","50","50","50","72.39","72.39","72.39"
"5369","50","50","50","74.67","74.67","74.67"
"5381","49","49","49","69.2","69.2","69.2"
"5383","51","51","51","70.9","70.9","70.9"
"5386","51","51","51","64.58","64.58","64.58"
"5402","53","53","53","83.77","83.6","83.94"
"5403","50","50","50","61.31","61.31","61.31"
"5413","49","49","49","62.9","62.9","62.9"
"5419","50","50","50","61.88","61.88","61.88"
"5433","50","50","50","72.15","72.15","72.15"
"5445","49","49","49","64.91","64.91","64.91"
"5451","51","51","51","63.83","63.83","63.83"
"5465","53","53","53","78.88","78.88","78.88"
"5471","50","50","50","62.35","62.35","62.35"
"5474","50","50","50","68.52","68.52","68.52"
"5480","51","51","51","74.61","74.61","74.61"
"5495","51","51","51","67.28","67.28","67.28"
"5497","50","50","50","72.18","72.18","72.18"
"5507","52","52","52","62.75","62.75","62.75"
"5508","54","54","54","85.35","85.35","85.35"
"5514","52","52","52","61.76","61.76","61.76"
"5516","54","54","54","70.82","70.82","70.82"
"5526","51","51","51","66.82","66.82","66.82"
"5542","50","50","50","61.01","61.01","61.01"
"5548","51","51","51","62.52","62.52","62.52"
"5553","51","51","51","65.82","65.82","65.82"
"5569","50","50","50","64.29","64.29","64.29"
"5570","53","52","54","75.93","70.71","81.15"
"5595","52","52","52","75.77","75.77","75.77"
"5598","51","51","51","65.92","65.92","65.92"
"5604","51","51","51","59.01","59.01","59.01"
"5615","55","55","55","80.87","80.87","80.87"
"5618","52","52","52","67.53","67.53","67.53"
"5626","53","53","53","70.94","70.94","70.94"
"5629","51","51","51","58.05","58.05","58.05"
"5630","55","55","55","71.2","71.2","71.2"
"5650","53","53","53","60.11","60.11","60.11"
"5653","52","52","52","62.05","62.05","62.05"
"5671","55","55","55","85.9","85.9","85.9"
"5675","51.5","51","52","64.175","63.07","65.28"
"5681","51","51","51","74.61","74.61","74.61"
"5684","52.5","52","53","66.64500000000001","60.45","72.84"
"5709","53","53","53","76.62","76.62","76.62"
"5721","52","52","52","68.4","68.4","68.4"
"5724","56","56","56","79.31","79.31","79.31"
"5725","52","52","52","71.09","71.09","71.09"
"5731","53","53","53","74.37","74.37","74.37"
"5733","54","54","54","83.56","83.56","83.56"
"5740","56","56","56","76.31","76.31","76.31"
"5766","52","52","52","56.22","56.22","56.22"
"5776","53","53","53","64.49","64.49","64.49"
"5782","56","56","56","76.16","76.16","76.16"
"5786","54","54","54","60.47","60.47","60.47"
"5792","52","52","52","78.53","78.53","78.53"
"5799","52","52","52","61.32","61.32","61.32"
"5802","53","53","53","65.71","65.71","65.71"
"5808","53.5","53","54","68.89","68.39","69.39"
"5824","54","54","54","70.55","70.55","70.55"
"5832","53","53","53","81.08","81.08","81.08"
"5836","57","57","57","75.94","75.94","75.94"
"5845","53","53","53","71.86","71.86","71.86"
"5851","55","55","55","70.9","70.9","70.9"
"5853","57","57","57","69.79","69.79","69.79"
"5854","54","54","54","69.21","69.21","69.21"
"5889","53","53","53","63.99","63.99","63.99"
"5893","57","57","57","77.77","77.77","77.77"
"5899","54","54","54","61.91","61.91","61.91"
"5902","53","53","53","75.67","75.67","75.67"
"5923","55","55","55","61.61","61.61","61.61"
"5929","54","54","54","65.53","65.53","65.53"
"5932","54","54","54","65.05","65.05","65.05"
"5934","55","55","55","64.4","64.4","64.4"
"5935","55","55","55","79.51","79.51","79.51"
"5939","53","53","53","58.16","58.16","58.16"
"5947","58","58","58","79.42","79.42","79.42"
"5958","54","54","54","60.77","60.77","60.77"
"5970","54","54","54","65.32","65.32","65.32"
"5971","56","56","56","66.2","66.2","66.2"
"5975","56.5","55","58","68.005","67.37","68.64"
"6006","58","58","58","74.62","74.62","74.62"
"6009","54","54","54","71.33","71.33","71.33"
"6020","54","54","54","71.98","71.98","71.98"
"6030","55","55","55","61.33","61.33","61.33"
"6046","56","56","56","79.72","79.72","79.72"
"6050","55","55","55","69.76","69.76","69.76"
"6052","56","56","56","67.02","67.02","67.02"
"6054","59","59","59","86.52","86.52","86.52"
"6060","56","56","56","68.55","68.55","68.55"
"6064","55","55","55","57.65","57.65","57.65"
"6071","54","54","54","65.21","65.21","65.21"
"6085","57","57","57","75.66","75.66","75.66"
"6091","59","59","59","74.77","74.77","74.77"
"6094","55","55","55","65.36","65.36","65.36"
"6102","55","55","55","55.38","55.38","55.38"
"6107","59","59","59","89.77","89.77","89.77"
"6109","56","56","56","66.08","66.08","66.08"
"6125","55","55","55","73.35","73.35","73.35"
"6149","55","55","55","63.88","63.88","63.88"
"6161","60","60","60","88.98","88.98","88.98"
"6162","56","56","56","62.16","62.16","62.16"
"6163","57","57","57","72.8","72.8","72.8"
"6169","57","57","57","74.35","74.35","74.35"
"6173","56","56","56","69.43","69.43","69.43"
"6182","56","56","56","68.67","68.67","68.67"
"6185","57","57","57","63.32","63.32","63.32"
"6190","58","58","58","85.06","85.06","85.06"
"6204","55","55","55","56.53","56.53","56.53"
"6210","60","60","60","66.06","66.06","66.06"
"6214","60","60","60","80.38","80.38","80.38"
"6221","56","56","56","62.48","62.48","62.48"
"6223","57","57","57","72.32","72.32","72.32"
"6240","56","56","56","57.18","57.18","57.18"
"6250","56","56","56","62.95","62.95","62.95"
"6271","61","61","61","74.44","74.44","74.44"
"6274","58","58","58","74.78","74.78","74.78"
"6276","56","56","56","62.91","62.91","62.91"
"6290","57","57","57","62.39","62.39","62.39"
"6293","59","59","59","91.45","91.45","91.45"
"6296","58","58","58","64.94","64.94","64.94"
"6298","57","57","57","70.74","70.74","70.74"
"6303","57","57","57","62.92","62.92","62.92"
"6310","58","58","58","64.58","64.58","64.58"
"6331","61","61","61","72.01","72.01","72.01"
"6332","61","61","61","66.38","66.38","66.38"
"6339","57","56","58","67.445","59.06","75.83"
"6359","57","57","57","58.25","58.25","58.25"
"6374","57","57","57","59.9","59.9","59.9"
"6380","57","57","57","61.67","61.67","61.67"
"6387","62","62","62","67.34","67.34","67.34"
"6391","59","59","59","71.24","71.24","71.24"
"6398","60","60","60","87.78","87.78","87.78"
"6407","57","57","57","62.58","62.58","62.58"
"6411","58","58","58","68.06","68.06","68.06"
"6415","58","58","58","71.6","71.6","71.6"
"6428","59","59","59","64.02","64.02","64.02"
"6430","58","58","58","60.92","60.92","60.92"
"6443","59","59","59","62.9","62.9","62.9"
"6444","62","62","62","72.19","71.11","73.27"
"6460","59","59","59","66.32","66.32","66.32"
"6474","57","57","57","59.26","59.26","59.26"
"6482","58","58","58","66.09","66.09","66.09"
"6501","61","61","61","88.35","88.35","88.35"
"6504","58","58","58","61.66","61.66","61.66"
"6513","63","63","63","65.98","65.98","65.98"
"6518","59","59","59","77.52","77.52","77.52"
"6522","58","58","58","55.94","55.94","55.94"
"6524","60","60","60","62.55","62.55","62.55"
"6543","59","58","60","66.315","57.34","75.29"
"6546","59","59","59","60.49","60.49","60.49"
"6553","59","59","59","66.67","66.67","66.67"
"6560","63","63","63","71.36","71.36","71.36"
"6566","60","60","60","67.36","67.36","67.36"
"6568","63","63","63","68.16","68.16","68.16"
"6589","60","60","60","67.24","67.24","67.24"
"6593","58","58","58","67.06","67.06","67.06"
"6608","59","59","59","86.75","86.75","86.75"
"6609","59","59","59","66.5","66.5","66.5"
"6618","62","62","62","69.67","69.67","69.67"
"6629","64","64","64","70.08","70.08","70.08"
"6636","60","60","60","74.22","74.22","74.22"
"6658","61","61","61","60.37","60.37","60.37"
"6664","59","59","59","55.46","55.46","55.46"
"6673","61","61","61","60","60","60"
"6676","60","60","60","58.32","58.32","58.32"
"6679","62","60","64","67.035","66.22","67.85"
"6684","59","59","59","55.31","55.31","55.31"
"6685","61","61","61","68.05","68.05","68.05"
"6697","64","64","64","64.95","64.95","64.95"
"6708","61","61","61","70.89","70.89","70.89"
"6713","59","59","59","65.07","65.07","65.07"
"6725","60","60","60","71.02","71.02","71.02"
"6735","63","63","63","74.16","74.16","74.16"
"6739","60","60","60","62.26","62.26","62.26"
"6745","65","65","65","74","74","74"
"6757","61","61","61","64.13","64.13","64.13"
"6799","62","62","62","55.44","55.44","55.44"
"6803","62","62","62","63.95","63.95","63.95"
"6804","65","65","65","65.3","65.3","65.3"
"6805","61","61","61","63.2","63.2","63.2"
"6807","60.5","60","61","61.84","58.2","65.48"
"6817","60","60","60","58.39","58.39","58.39"
"6821","65","65","65","67.92","67.92","67.92"
"6822","62","62","62","59.09","59.09","59.09"
"6824","62","62","62","75.2","75.2","75.2"
"6848","60","60","60","57.88","57.88","57.88"
"6850","64","64","64","70.88","70.88","70.88"
"6857","61","61","61","62.36","62.36","62.36"
"6858","66","66","66","72.42","72.42","72.42"
"6866","62","62","62","76.13","76.13","76.13"
"6867","61","61","61","66.18","66.18","66.18"
"6912","66","66","66","78.03","78.03","78.03"
"6922","63","63","63","72.22","72.22","72.22"
"6925","61","61","61","71.97","71.97","71.97"
"6938","62","62","62","61.88","61.88","61.88"
"6939","63","63","63","57.21","57.21","57.21"
"6941","62","62","62","60.72","60.72","60.72"
"6942","63","63","63","70.57","70.57","70.57"
"6948","66","66","66","63.67","63.67","63.67"
"6960","61","61","61","57.44","57.44","57.44"
"6965","63","63","63","60.68","60.68","60.68"
"6971","67","67","67","76.73","76.73","76.73"
"6972","61","61","61","64.36","64.36","64.36"
"6973","65","65","65","70.03","70.03","70.03"
"6981","62","62","62","66.23","66.23","66.23"
"6986","63","63","63","69.36","69.36","69.36"
"6995","62","62","62","66.53","66.53","66.53"
"7017","67","67","67","79.41","79.41","79.41"
"7033","62","62","62","78.04","78.04","78.04"
"7054","64","64","64","59.06","59.06","59.06"
"7055","64","64","64","71.65","71.65","71.65"
"7073","63","63","63","58.34","58.34","58.34"
"7074","63","63","63","56.82","56.82","56.82"
"7079","68","68","68","79.47","79.47","79.47"
"7081","64","64","64","57.47","57.47","57.47"
"7083","66","66","66","79.84","79.84","79.84"
"7084","67","67","67","61.01","61.01","61.01"
"7092","64","64","64","66.98","66.98","66.98"
"7093","62","62","62","59.56","59.56","59.56"
"7099","62","62","62","65.37","65.37","65.37"
"7110","64","64","64","64.21","64.21","64.21"
"7116","63","63","63","67.27","67.27","67.27"
"7118","63","63","63","58.04","58.04","58.04"
"7134","68","68","68","70.95","70.95","70.95"
"7145","63","63","63","75.95","75.95","75.95"
"7181","65","65","65","67.57","67.57","67.57"
"7189","65","65","65","57.85","57.85","57.85"
"7191","69","69","69","78.18","78.18","78.18"
"7202","67","67","67","72.18","72.18","72.18"
"7209","64","64","64","59.6","59.6","59.6"
"7211","64","64","64","60.87","60.87","60.87"
"7212","68","68","68","64.59","64.59","64.59"
"7214","65","65","65","57.55","57.55","57.55"
"7215","65","65","65","63.41","63.41","63.41"
"7224","63","63","63","61.95","61.95","61.95"
"7226","63","63","63","66.96","66.96","66.96"
"7228","65","65","65","67.83","67.83","67.83"
"7232","64","64","64","71.17","71.17","71.17"
"7243","64","64","64","61.27","61.27","61.27"
"7257","69","69","69","65.95","65.95","65.95"
"7262","64","64","64","70.46","70.46","70.46"
"7301","70","70","70","79.17","79.17","79.17"
"7312","66","66","66","66.3","66.3","66.3"
"7313","66","66","66","65.2","65.2","65.2"
"7320","65","65","65","76.86","76.86","76.86"
"7327","68","68","68","63.07","63.07","63.07"
"7336","69","69","69","64.54","64.54","64.54"
"7342","65","65","65","58.76","58.76","58.76"
"7344","66","66","66","63.76","63.76","63.76"
"7347","66","66","66","60.74","60.74","60.74"
"7355","66","66","66","63.31","63.31","63.31"
"7357","64.5","64","65","63.78","58.83","68.73"
"7365","64","64","64","58.3","58.3","58.3"
"7367","65","65","65","68.88","68.88","68.88"
"7375","70","70","70","69.47","69.47","69.47"
"7387","65","65","65","64","64","64"
"7415","71","71","71","72.8","72.8","72.8"
"7432","66","66","66","73.42","73.42","73.42"
"7436","67","67","67","66.91499999999999","65.7","68.13"
"7454","69","69","69","63.09","63.09","63.09"
"7459","70","70","70","67.84","67.84","67.84"
"7464","67","67","67","78.82","78.82","78.82"
"7472","67","67","67","60.42","60.42","60.42"
"7477","66","66","66","63.49","63.49","63.49"
"7480","67","67","67","61.29","61.29","61.29"
"7482","66","66","66","66.45","66.45","66.45"
"7491","65","65","65","61.43","61.43","61.43"
"7492","66","66","66","63.75","63.75","63.75"
"7495","71","71","71","65.36","65.36","65.36"
"7498","65","65","65","56.84","56.84","56.84"
"7522","66","66","66","64.46","64.46","64.46"
"7531","72","72","72","71.44","71.44","71.44"
"7539","67","67","67","82.02","82.02","82.02"
"7563","68","68","68","62.68","62.68","62.68"
"7566","70","70","70","73.96","73.96","73.96"
"7568","68","68","68","61.86","61.86","61.86"
"7582","68","68","68","70.21","70.21","70.21"
"7584","71","71","71","63.48","63.48","63.48"
"7607","67","67","67","62.83","62.83","62.83"
"7610","72","72","72","74.76","74.76","74.76"
"7612","67","67","67","59.4","59.4","59.4"
"7616","68","68","68","53.44","53.44","53.44"
"7618","67","66","68","62.565","55.48","69.65"
"7625","67","67","67","59.04","59.04","59.04"
"7628","66","66","66","58.01","58.01","58.01"
"7651","67","67","67","62.22","62.22","62.22"
"7656","73","73","73","63.95","63.95","63.95"
"7662","68","68","68","64.06","64.06","64.06"
"7687","71","71","71","74.78","74.78","74.78"
"7698","69","69","69","58.29","58.29","58.29"
"7707","69","69","69","57.16","57.16","57.16"
"7708","70.5","69","72","64.505","63.1","65.91"
"7730","73","73","73","67.03","67.03","67.03"
"7740","68","68","68","63.24","63.24","63.24"
"7744","67","67","67","64.43","64.43","64.43"
"7745","68.5","68","69","59.425","56","62.85"
"7754","67","67","67","60.8","60.8","60.8"
"7759","69","69","69","53.51","53.51","53.51"
"7762","68","68","68","59.18","59.18","59.18"
"7775","69","69","69","73.9","73.9","73.9"
"7781","74","74","74","69.47","69.47","69.47"
"7782","68","68","68","63.93","63.93","63.93"
"7795","72","72","72","78.62","78.62","78.62"
"7825","70","70","70","66.1","66.1","66.1"
"7826","70","70","70","68.5","68.5","68.5"
"7834","70","70","70","59.02","59.02","59.02"
"7836","73","73","73","62.11","62.11","62.11"
"7848","74","74","74","71.65","71.65","71.65"
"7862","69","69","69","66.51","66.51","66.51"
"7874","70","70","70","60.84","60.84","60.84"
"7881","68","68","68","58.64","58.64","58.64"
"7887","68","68","68","61.27","61.27","61.27"
"7888","69","69","69","55.94","55.94","55.94"
"7897","69.5","69","70","65.145","62.83","67.46"
"7899","70","70","70","57.63","57.63","57.63"
"7901","75","75","75","70.45","70.45","70.45"
"7908","73","73","73","75.21","75.21","75.21"
"7918","69","69","69","60.36","60.36","60.36"
"7940","71","71","71","74.88","74.88","74.88"
"7962","75","75","75","69.42","69.42","69.42"
"7966","74","74","74","65.56","65.56","65.56"
"7969","71","71","71","55.46","55.46","55.46"
"7973","71","71","71","57.9","57.9","57.9"
"7996","70","70","70","58.37","58.37","58.37"
"7999","71","71","71","66.36","66.36","66.36"
"8009","69","69","69","67.53","67.53","67.53"
"8017","69","69","69","58.06","58.06","58.06"
"8023","74","74","74","74.38","74.38","74.38"
"8024","76","76","76","69.15","69.15","69.15"
"8026","70","70","70","59.94","59.94","59.94"
"8035","71","71","71","57.08","57.08","57.08"
"8037","71","71","71","58.19","58.19","58.19"
"8045","70","70","70","51.44","51.44","51.44"
"8046","70","70","70","62.4","62.4","62.4"
"8050","72","72","72","77.45","77.45","77.45"
"8084","76","76","76","68.78","68.78","68.78"
"8088","75","75","75","64.97","64.97","64.97"
"8097","72","72","72","66.2","66.2","66.2"
"8098","72","72","72","63.32","63.32","63.32"
"8115","71","71","71","69.72","69.72","69.72"
"8132","72","72","72","59.61","59.61","59.61"
"8137","70","70","70","64.28","64.28","64.28"
"8138","75","75","75","72.82","72.82","72.82"
"8151","77","77","77","61.54","61.54","61.54"
"8153","70","70","70","58.3","58.3","58.3"
"8154","73","73","73","86.3","86.3","86.3"
"8165","71","71","71","59.97","59.97","59.97"
"8168","72","72","72","58.75","58.75","58.75"
"8177","72","72","72","56.26","56.26","56.26"
"8179","71","71","71","58.37","58.37","58.37"
"8183","71","71","71","57.2","57.2","57.2"
"8198","77","77","77","76.73","76.73","76.73"
"8219","76","76","76","64.99","64.99","64.99"
"8229","73","73","73","60.15","60.15","60.15"
"8232","73","73","73","61.94","61.94","61.94"
"8244","72","72","72","63.56","63.56","63.56"
"8245","76","76","76","83.05","83.05","83.05"
"8256","73","73","73","69.55","69.55","69.55"
"8259","74","74","74","84.06","84.06","84.06"
"8270","71","71","71","60.54","60.54","60.54"
"8279","71","71","71","64.52","64.52","64.52"
"8286","78","78","78","63.86","63.86","63.86"
"8300","72","72","72","59.17","59.17","59.17"
"8309","73","73","73","56.03","56.03","56.03"
"8313","78","78","78","73.01","73.01","73.01"
"8314","73","73","73","59.68","59.68","59.68"
"8318","72","72","72","57.04","57.04","57.04"
"8326","72","72","72","53.8","53.8","53.8"
"8341","77","77","77","66.01","66.01","66.01"
"8361","74","74","74","62.44","62.44","62.44"
"8362","75","75","75","84.41","84.41","84.41"
"8363","77","77","77","73.31","73.31","73.31"
"8373","74","74","74","58.62","58.62","58.62"
"8380","73","73","73","60.37","60.37","60.37"
"8389","74","74","74","58.95","58.95","58.95"
"8395","72","72","72","64.04","64.04","64.04"
"8407","72","72","72","62.57","62.57","62.57"
"8408","79","79","79","70.63","70.63","70.63"
"8437","79","79","79","66.56","66.56","66.56"
"8446","73","73","73","62.68","62.68","62.68"
"8449","73","73","73","55.01","55.01","55.01"
"8454","74","74","74","55.31","55.31","55.31"
"8458","73","73","73","59.6","59.6","59.6"
"8459","74","74","74","57.16","57.16","57.16"
"8472","77","76","78","66.36","57.88","74.84"
"8476","78","78","78","74.6","74.6","74.6"
"8499","75","75","75","60.04","60.04","60.04"
"8504","74","74","74","67.3","67.3","67.3"
"8518","75","75","75","54.94","54.94","54.94"
"8519","80","80","80","77.07","77.07","77.07"
"8522","73","73","73","69.49","69.49","69.49"
"8527","75","75","75","58.5","58.5","58.5"
"8533","73","73","73","63.04","63.04","63.04"
"8558","80","80","80","70.42","70.42","70.42"
"8583","74","74","74","59.27","59.27","59.27"
"8584","77","77","77","78.37","78.37","78.37"
"8587","79","79","79","77.03","77.03","77.03"
"8590","74","74","74","60.065","59.44","60.69"
"8592","77","75","79","62.2","54.78","69.62"
"8600","75","75","75","61.01","61.01","61.01"
"8625","81","81","81","80.24","80.24","80.24"
"8631","74","74","74","78.39","78.39","78.39"
"8633","76","76","76","59.69","59.69","59.69"
"8634","75","75","75","61.94","61.94","61.94"
"8640","76","76","76","65.51","65.51","65.51"
"8658","76","76","76","59.4","59.4","59.4"
"8667","74","74","74","60.93","60.93","60.93"
"8684","81","81","81","64.37","64.37","64.37"
"8700","80","80","80","75.25","75.25","75.25"
"8701","78","78","78","68.97","68.97","68.97"
"8712","75","75","75","63.93","63.93","63.93"
"8723","80","80","80","63.26","63.26","63.26"
"8725","75","75","75","62.14","62.14","62.14"
"8726","75","75","75","58.24","58.24","58.24"
"8730","76","76","76","60.19","60.19","60.19"
"8738","76","76","76","51.8","51.8","51.8"
"8740","82","82","82","75.61","75.61","75.61"
"8744","75","75","75","78.1","78.1","78.1"
"8752","76","76","76","71.01","71.01","71.01"
"8767","77","77","77","63.6","63.6","63.6"
"8774","77","77","77","59.12","59.12","59.12"
"8792","77","77","77","58.04","58.04","58.04"
"8804","75","75","75","58.1","58.1","58.1"
"8807","82","82","82","66.02","66.02","66.02"
"8819","81","81","81","74.15","74.15","74.15"
"8825","79","79","79","68.74","68.74","68.74"
"8844","78.5","76","81","61.795","60.21","63.38"
"8850","76","76","76","81.31","81.31","81.31"
"8852","83","83","83","74.24","74.24","74.24"
"8859","76","76","76","58.42","58.42","58.42"
"8861","76","76","76","57.23","57.23","57.23"
"8865","77","77","77","74.24","74.24","74.24"
"8868","77","77","77","60.66","60.66","60.66"
"8885","77","77","77","54.38","54.38","54.38"
"8901","78","78","78","62.92","62.92","62.92"
"8910","78","78","78","60.29","60.29","60.29"
"8932","78","78","78","57.54","57.54","57.54"
"8934","82","82","82","73.97","73.97","73.97"
"8936","76","76","76","61.7","61.7","61.7"
"8938","80","80","80","73.43","73.43","73.43"
"8946","83","83","83","56.96","56.96","56.96"
"8964","82","82","82","69.2","69.2","69.2"
"8969","84","84","84","69.99","69.99","69.99"
"8971","77","77","77","63.12","63.12","63.12"
"8972","77","77","77","63.77","63.77","63.77"
"8987","78","78","78","73.63","73.63","73.63"
"8998","78","78","78","61.18","61.18","61.18"
"8999","77","77","77","59.31","59.31","59.31"
"9004","77","77","77","56.89","56.89","56.89"
"9008","78","78","78","73.17","73.17","73.17"
"9032","79","79","79","61.24","61.24","61.24"
"9047","83","83","83","76.43","76.43","76.43"
"9048","79","79","79","58.52","58.52","58.52"
"9065","81","81","81","68.51","68.51","68.51"
"9067","79","79","79","58.99","58.99","58.99"
"9078","77","77","77","53.64","53.64","53.64"
"9083","84.5","84","85","66.095","61.17","71.02"
"9089","83","83","83","66.42","66.42","66.42"
"9105","78","78","78","61.96","61.96","61.96"
"9110","78.5","78","79","61.905","58.55","65.26"
"9133","78","78","78","62.44","62.44","62.44"
"9136","79","79","79","64.07","64.07","64.07"
"9142","79","79","79","54.31","54.31","54.31"
"9156","78","78","78","51.8","51.8","51.8"
"9160","84","84","84","80.93","80.93","80.93"
"9166","80","80","80","61.56","61.56","61.56"
"9168","80","80","80","68.58","68.58","68.58"
"9189","82","82","82","65.01","65.01","65.01"
"9197","86","86","86","75.01","75.01","75.01"
"9200","82","80","84","70.63","62.29","78.97"
"9210","78","78","78","63.22","63.22","63.22"
"9216","85","85","85","59.43","59.43","59.43"
"9233","80","80","80","67.11","67.11","67.11"
"9235","79","79","79","60.71","60.71","60.71"
"9247","79","79","79","57.77","57.77","57.77"
"9270","85","85","85","74.25","74.25","74.25"
"9272","80","80","80","60.61","60.61","60.61"
"9274","79","79","79","54","54","54"
"9285","80","80","80","57.89","57.89","57.89"
"9299","79","79","79","55.49","55.49","55.49"
"9300","81","81","81","61.17","61.17","61.17"
"9305","81","81","81","53.39","53.39","53.39"
"9317","87","87","87","68.56","68.56","68.56"
"9330","83","83","83","55.98","55.98","55.98"
"9332","85","85","85","62.63","62.63","62.63"
"9337","81","81","81","58.76","58.76","58.76"
"9340","82.5","79","86","63.235","62.58","63.89"
"9349","81","81","81","70.96","70.96","70.96"
"9361","80","80","80","65.31","65.31","65.31"
"9373","86","86","86","84.96","84.96","84.96"
"9374","81","81","81","82.13","82.13","82.13"
"9376","80","80","80","62.19","62.19","62.19"
"9416","80.5","80","81","60.18","57.47","62.89"
"9432","80","80","80","64.46","64.46","64.46"
"9437","88","88","88","67.49","67.49","67.49"
"9441","82","82","82","56.87","56.87","56.87"
"9445","82","82","82","53.8","53.8","53.8"
"9458","86","86","86","64.16","64.16","64.16"
"9465","84","84","84","55.06","55.06","55.06"
"9467","87","87","87","60.94","60.94","60.94"
"9468","82","82","82","65.845","60.58","71.11"
"9480","80","80","80","55.46","55.46","55.46"
"9483","82","82","82","75.64","75.64","75.64"
"9489","87","87","87","74.43","74.43","74.43"
"9494","81","81","81","71.58","71.58","71.58"
"9495","81","81","81","60.96","60.96","60.96"
"9544","82","82","82","63.99","63.99","63.99"
"9551","81","81","81","56.82","56.82","56.82"
"9552","89","89","89","73.41","73.41","73.41"
"9560","81","81","81","62.24","62.24","62.24"
"9571","83","83","83","64.19","64.19","64.19"
"9582","85","83","87","62.14","59.11","65.17"
"9593","88","88","88","63.51","63.51","63.51"
"9596","85.5","83","88","73.53","64.33","82.73"
"9601","85","85","85","62.39","62.39","62.39"
"9603","82","82","82","79.41","79.41","79.41"
"9607","83","83","83","63.97","63.97","63.97"
"9609","83","83","83","54.18","54.18","54.18"
"9615","81","81","81","56.89","56.89","56.89"
"9638","82","82","82","57.61","57.61","57.61"
"9674","90","90","90","68.51","68.51","68.51"
"9685","83","83","83","57.37","57.37","57.37"
"9686","82","82","82","57.35","57.35","57.35"
"9695","82","82","82","57.6","57.6","57.6"
"9696","89","89","89","96.34","96.34","96.34"
"9699","88","88","88","68.96","68.96","68.96"
"9714","84","84","84","54.14","54.14","54.14"
"9716","83","83","83","74.72","74.72","74.72"
"9717","84","84","84","67.09","67.09","67.09"
"9718","89","89","89","68.42","68.42","68.42"
"9722","84","84","84","55.22","55.22","55.22"
"9728","84","84","84","65.85","65.85","65.85"
"9730","86","86","86","58.05","58.05","58.05"
"9742","84","84","84","60.96","60.96","60.96"
"9762","82","82","82","52.32","52.32","52.32"
"9788","83","83","83","55.72","55.72","55.72"
"9798","90","90","90","94.16","94.16","94.16"
"9799","91","91","91","61.55","61.55","61.55"
"9814","83","83","83","67.88","67.88","67.88"
"9823","84","84","84","60.25","60.25","60.25"
"9827","90","90","90","85.09","85.09","85.09"
"9830","89","89","89","61","61","61"
"9835","84","84","84","68.97","68.97","68.97"
"9836","83","83","83","58.4","58.4","58.4"
"9845","85","85","85","64.09","64.09","64.09"
"9855","85","85","85","57.95","57.95","57.95"
"9859","85","85","85","61.23","61.23","61.23"
"9862","85","85","85","59.42","59.42","59.42"
"9864","85","85","85","67.02","67.02","67.02"
"9880","87","87","87","52.87","52.87","52.87"
"9901","91","91","91","90.59","90.59","90.59"
"9907","83","83","83","52.48","52.48","52.48"
"9924","84","84","84","62.1","62.1","62.1"
"9928","84","84","84","75.46","75.46","75.46"
"9937","92","92","92","59.92","59.92","59.92"
"9939","91","91","91","78.71","78.71","78.71"
"9946","85","85","85","68.4","68.4","68.4"
"9959","90","90","90","63.79","63.79","63.79"
"9962","85","85","85","66.41","66.41","66.41"
"9965","84","84","84","64.3","64.3","64.3"
"9986","86","86","86","63.12","63.12","63.12"
"9990","86","86","86","57.69","57.69","57.69"
"9993","86","86","86","59.75","59.75","59.75"
"9996","86","86","86","63.37","63.37","63.37"
"9999","86","86","86","55.94","55.94","55.94"
"10004","92","92","92","89.62","89.62","89.62"
"10014","88","88","88","61.01","61.01","61.01"
"10040","85","85","85","79.04","79.04","79.04"
"10045","84","84","84","58.07","58.07","58.07"
"10052","93","93","93","75.97","75.97","75.97"
"10056","85","85","85","63.64","63.64","63.64"
"10062","92","92","92","69.02","69.02","69.02"
"10077","86","86","86","60.9","60.9","60.9"
"10083","86","86","86","68.52","68.52","68.52"
"10086","91","91","91","65.19","65.19","65.19"
"10087","85","85","85","73.79","73.79","73.79"
"10106","93","93","93","96.2","96.2","96.2"
"10115","87","87","87","62.56","62.56","62.56"
"10117","87","87","87","62.76","62.76","62.76"
"10129","87","87","87","59.61","59.61","59.61"
"10134","87","87","87","53.99","53.99","53.99"
"10135","87","87","87","57.66","57.66","57.66"
"10145","89","89","89","64.96","64.96","64.96"
"10157","86","86","86","74.53","74.53","74.53"
"10176","94","94","94","65.04","65.04","65.04"
"10185","86","86","86","62.02","62.02","62.02"
"10186","85","85","85","55.34","55.34","55.34"
"10194","93","93","93","61.93","61.93","61.93"
"10204","86.5","86","87","74.22","70.2","78.24"
"10205","87","87","87","70.16","70.16","70.16"
"10208","94","94","94","89.93","89.93","89.93"
"10216","92","92","92","64.6","64.6","64.6"
"10240","88","88","88","69.97","69.97","69.97"
"10249","88","88","88","59.08","59.08","59.08"
"10261","88","88","88","60.79","60.79","60.79"
"10266","88","88","88","61.71","61.71","61.71"
"10271","88","88","88","62.7","62.7","62.7"
"10285","90","90","90","56.38","56.38","56.38"
"10289","87","87","87","59.27","59.27","59.27"
"10303","95","95","95","62.1","62.1","62.1"
"10312","95","95","95","87.67","87.67","87.67"
"10320","94","94","94","65.01","65.01","65.01"
"10321","87","87","87","68.44","68.44","68.44"
"10322","87","87","87","57.92","57.92","57.92"
"10327","87","86","88","61.89","55.82","67.96"
"10333","88","88","88","63.01","63.01","63.01"
"10350","93","93","93","59.84","59.84","59.84"
"10357","89","89","89","71.85","71.85","71.85"
"10388","89","89","89","62.88","62.88","62.88"
"10391","89","89","89","71.1","71.1","71.1"
"10398","89","89","89","51.04","51.04","51.04"
"10402","89","89","89","59.5","59.5","59.5"
"10414","91","91","91","66.06","66.06","66.06"
"10415","96","96","96","88.61","88.61","88.61"
"10423","88","88","88","60.36","60.36","60.36"
"10431","96","96","96","60.72","60.72","60.72"
"10443","95","95","95","64.57","64.57","64.57"
"10449","89","89","89","66.6","66.6","66.6"
"10451","88","88","88","66.6","66.6","66.6"
"10452","88","88","88","64.66","64.66","64.66"
"10469","88.5","87","90","65.83500000000001","59.81","71.86"
"10478","89","89","89","55.33","55.33","55.33"
"10492","94","94","94","57.71","57.71","57.71"
"10516","90","90","90","63.59","63.59","63.59"
"10521","90","90","90","62.49","62.49","62.49"
"10526","97","97","97","79.74","79.74","79.74"
"10532","90","90","90","58.28","58.28","58.28"
"10538","89","89","89","73.24","73.24","73.24"
"10539","91","90","92","61.105000000000004","56.73","65.48"
"10560","96","96","96","70.2","70.2","70.2"
"10569","97","97","97","60.18","60.18","60.18"
"10571","89.5","89","90","68.005","67.64","68.37"
"10583","91","91","91","78.13","78.13","78.13"
"10587","89","89","89","61.84","61.84","61.84"
"10589","88","88","88","67.07","67.07","67.07"
"10612","90","90","90","61.51","61.51","61.51"
"10620","95","95","95","65.21","65.21","65.21"
"10637","98","98","98","81.77","81.77","81.77"
"10650","91","91","91","59.55","59.55","59.55"
"10652","91","91","91","64.08","64.08","64.08"
"10655","90","90","90","75.54","75.54","75.54"
"10665","93","93","93","65.08","65.08","65.08"
"10668","91","91","91","60.14","60.14","60.14"
"10673","91","91","91","63.37","63.37","63.37"
"10676","97","97","97","73.59","73.59","73.59"
"10682","91","91","91","74.77","74.77","74.77"
"10703","94","90","98","60.09","57.71","62.47"
"10716","92","92","92","59.98","59.98","59.98"
"10721","90","90","90","57.4","57.4","57.4"
"10723","89","89","89","60.65","60.65","60.65"
"10752","91","91","91","55.49","55.49","55.49"
"10754","99","99","99","71.62","71.62","71.62"
"10755","96","96","96","56.97","56.97","56.97"
"10760","91","91","91","86.61","86.61","86.61"
"10762","92","92","92","78.6","78.6","78.6"
"10784","92","92","92","59.39","59.39","59.39"
"10789","98","98","98","75.21","75.21","75.21"
"10796","92","92","92","75.29","75.29","75.29"
"10797","92","92","92","64.63","64.63","64.63"
"10800","94","94","94","60","60","60"
"10811","92","92","92","63.06","63.06","63.06"
"10828","99","99","99","62.99","62.99","62.99"
"10842","91","91","91","56.14","56.14","56.14"
"10850","93","93","93","59.99","59.99","59.99"
"10859","91","91","91","56.4","56.4","56.4"
"10861","100","100","100","82.43","82.43","82.43"
"10862","90","90","90","59.91","59.91","59.91"
"10864","92","92","92","84.53","84.53","84.53"
"10884","93","93","93","65.88","65.88","65.88"
"10885","92","92","92","56.36","56.36","56.36"
"10888","97","97","97","62.04","62.04","62.04"
"10901","99","99","99","73.96","73.96","73.96"
"10912","93","93","93","66.64","66.64","66.64"
"10915","93","93","93","69.7","69.7","69.7"
"10930","93","93","93","61.01","61.01","61.01"
"10937","93","93","93","59.05","59.05","59.05"
"10938","95","95","95","58.61","58.61","58.61"
"10950","100","100","100","68.63","68.63","68.63"
"10968","101","101","101","81.62","81.62","81.62"
"10973","93","93","93","75.96","75.96","75.96"
"10981","94","94","94","65.07","65.07","65.07"
"10983","92","92","92","58.63","58.63","58.63"
"11002","92","92","92","51.7","51.7","51.7"
"11004","91","91","91","58.6","58.6","58.6"
"11006","94","94","94","66.17","66.17","66.17"
"11009","100","100","100","83.33","83.33","83.33"
"11015","98","98","98","61.64","61.64","61.64"
"11021","93","93","93","63.03","63.03","63.03"
"11030","94","94","94","73.32","73.32","73.32"
"11037","94","94","94","64.55","64.55","64.55"
"11066","94","94","94","59.41","59.41","59.41"
"11070","96","96","96","58.4","58.4","58.4"
"11072","101","101","101","68.22","68.22","68.22"
"11077","94","94","94","54.86","54.86","54.86"
"11085","102","102","102","74.55","74.55","74.55"
"11093","94","94","94","70.33","70.33","70.33"
"11097","95","95","95","67.76","67.76","67.76"
"11118","101","101","101","80.63","80.63","80.63"
"11129","93","93","93","54.62","54.62","54.62"
"11135","92","92","92","62.32","62.32","62.32"
"11141","93","93","93","57.6","57.6","57.6"
"11143","99","99","99","64.24","64.24","64.24"
"11144","94","94","94","68.45","68.45","68.45"
"11145","95","95","95","60.87","60.87","60.87"
"11146","95","95","95","72.54","72.54","72.54"
"11168","95","95","95","58.01","58.01","58.01"
"11181","102","102","102","84.21","84.21","84.21"
"11200","103","103","103","75.5","75.5","75.5"
"11212","95","95","95","51.39","51.39","51.39"
"11213","95","95","95","57.6","57.6","57.6"
"11214","95","95","95","68.27","68.27","68.27"
"11215","96.5","96","97","61.44499999999999","52.68","70.21"
"11222","102","102","102","83.99","83.99","83.99"
"11263","96","96","96","70.2","70.2","70.2"
"11267","93","93","93","62.51","62.51","62.51"
"11268","94","94","94","57.98","57.98","57.98"
"11270","100","100","100","64.42","64.42","64.42"
"11276","95","95","95","59.86","59.86","59.86"
"11279","94","94","94","59.56","59.56","59.56"
"11285","96","96","96","55.58","55.58","55.58"
"11294","103","103","103","70.98","70.98","70.98"
"11308","96","96","96","56.49","56.49","56.49"
"11317","104","104","104","71.21","71.21","71.21"
"11329","97","97","97","72.72","72.72","72.72"
"11333","103","103","103","80.99","80.99","80.99"
"11339","96","96","96","66.8","66.8","66.8"
"11348","96","96","96","60.3","60.3","60.3"
"11354","98","98","98","58.63","58.63","58.63"
"11361","96","96","96","52.11","52.11","52.11"
"11386","99","97","101","71.14500000000001","70.7","71.59"
"11396","95","95","95","65.29","65.29","65.29"
"11398","94","94","94","61.65","61.65","61.65"
"11408","97","97","97","61.73","61.73","61.73"
"11418","96","96","96","57.28","57.28","57.28"
"11423","95","95","95","55.59","55.59","55.59"
"11431","104","104","104","58.38","58.38","58.38"
"11436","105","105","105","69.61","69.61","69.61"
"11440","104","104","104","82.57","82.57","82.57"
"11445","97","97","97","58.6","58.6","58.6"
"11452","98","98","98","67.62","67.62","67.62"
"11474","97","97","97","57.84","57.84","57.84"
"11479","97","97","97","61.25","61.25","61.25"
"11494","99","99","99","58.05","58.05","58.05"
"11503","97","97","97","57.31","57.31","57.31"
"11507","98","98","98","66.67","66.67","66.67"
"11521","102","102","102","60.99","60.99","60.99"
"11522","95","95","95","65.9","65.9","65.9"
"11538","96","96","96","58.33","58.33","58.33"
"11544","98","98","98","62.96","62.96","62.96"
"11546","105","105","105","73.68","73.68","73.68"
"11558","101","97","105","62.105000000000004","56.26","67.95"
"11564","106","106","106","64.09","64.09","64.09"
"11568","96","96","96","56.39","56.39","56.39"
"11572","98.5","98","99","66.705","63.33","70.08"
"11610","98","98","98","58.69","58.69","58.69"
"11617","98","98","98","59.25","59.25","59.25"
"11632","99","99","99","64.08","64.08","64.08"
"11639","100","100","100","55.29","55.29","55.29"
"11640","98","98","98","56.22","56.22","56.22"
"11655","99.5","96","103","63.65","61","66.3"
"11668","106","106","106","66.52","66.52","66.52"
"11676","101.5","97","106","65.155","55.21","75.1"
"11685","99","99","99","58.93","58.93","58.93"
"11692","98","98","98","60.21","60.21","60.21"
"11700","100","100","100","64.34","64.34","64.34"
"11701","103","99","107","60.32","56.88","63.76"
"11707","97","97","97","54.68","54.68","54.68"
"11755","99","99","99","53.63","53.63","53.63"
"11764","99.5","99","100","57.730000000000004","54.84","60.62"
"11769","97","97","97","71.63","71.63","71.63"
"11780","99","99","99","57.92","57.92","57.92"
"11783","107","107","107","81.11","81.11","81.11"
"11788","107","107","107","66.03","66.03","66.03"
"11792","101","101","101","52.35","52.35","52.35"
"11794","104","104","104","59.15","59.15","59.15"
"11816","98","98","98","52.97","52.97","52.97"
"11822","100","100","100","67.09","67.09","67.09"
"11823","100","100","100","56.7","56.7","56.7"
"11827","99","99","99","56.7","56.7","56.7"
"11832","101","101","101","62.65","62.65","62.65"
"11840","108","108","108","55.87","55.87","55.87"
"11850","98","98","98","61.07","61.07","61.07"
"11890","98","98","98","68.73","68.73","68.73"
"11892","100","100","100","59.91","59.91","59.91"
"11893","101","101","101","64.61","64.61","64.61"
"11896","108","108","108","72.92","72.92","72.92"
"11914","100","100","100","52.81","52.81","52.81"
"11915","108","108","108","65.61","65.61","65.61"
"11921","100","100","100","56.25","56.25","56.25"
"11927","105","105","105","59.77","59.77","59.77"
"11944","102","102","102","52.44","52.44","52.44"
"11949","101","101","101","63.69","63.69","63.69"
"11960","101","101","101","58.19","58.19","58.19"
"11963","99","99","99","54.58","54.58","54.58"
"11966","100","100","100","57.74","57.74","57.74"
"11968","102","102","102","57.5","57.5","57.5"
"11969","109","109","109","65.31","65.31","65.31"
"11985","99","99","99","59.1","59.1","59.1"
"12014","100.5","99","102","65.805","64.88","66.73"
"12022","101","101","101","65.05","65.05","65.05"
"12027","109","109","109","61.14","61.14","61.14"
"12040","109","109","109","65.73","65.73","65.73"
"12051","101","101","101","57.92","57.92","57.92"
"12053","101","101","101","56.86","56.86","56.86"
"12074","106","106","106","53.02","53.02","53.02"
"12080","102","102","102","64.68","64.68","64.68"
"12093","110","110","110","68.83","68.83","68.83"
"12098","103","103","103","49.74","49.74","49.74"
"12101","102","102","102","53.5","53.5","53.5"
"12102","101","101","101","59.41","59.41","59.41"
"12108","100","100","100","56.56","56.56","56.56"
"12110","103","103","103","60.34","60.34","60.34"
"12112","100","100","100","62.86","62.86","62.86"
"12144","100","100","100","64.36","64.36","64.36"
"12145","103","103","103","64.7","64.7","64.7"
"12156","110","110","110","62.48","62.48","62.48"
"12162","102","102","102","59.23","59.23","59.23"
"12164","110","110","110","63.78","63.78","63.78"
"12188","102","102","102","64.44","64.44","64.44"
"12192","102","102","102","56.78","56.78","56.78"
"12206","111","111","111","72.41","72.41","72.41"
"12209","103","103","103","61.99","61.99","61.99"
"12220","107","107","107","55.64","55.64","55.64"
"12234","102","102","102","58.26","58.26","58.26"
"12238","102","101","103","64.605","59.9","69.31"
"12242","104","104","104","56.21","56.21","56.21"
"12246","101","101","101","58.04","58.04","58.04"
"12251","104","104","104","58.35","58.35","58.35"
"12272","102.5","101","104","61.445","59.32","63.57"
"12278","111","111","111","67.61","67.61","67.61"
"12282","111","111","111","69.65","69.65","69.65"
"12294","103","103","103","59.55","59.55","59.55"
"12314","112","112","112","79.37","79.37","79.37"
"12316","103","103","103","66.73","66.73","66.73"
"12331","103","103","103","57.54","57.54","57.54"
"12347","104","104","104","61.15","61.15","61.15"
"12363","108","108","108","56.54","56.54","56.54"
"12366","103","103","103","59.62","59.62","59.62"
"12371","102","102","102","61.82","61.82","61.82"
"12374","104","104","104","58.47","58.47","58.47"
"12389","105","105","105","57.09","57.09","57.09"
"12390","105","105","105","52.35","52.35","52.35"
"12393","102","102","102","54.22","54.22","54.22"
"12396","112","112","112","73.04","73.04","73.04"
"12399","102","102","102","63.85","63.85","63.85"
"12403","112","112","112","68.96","68.96","68.96"
"12406","105","105","105","60.53","60.53","60.53"
"12419","104","104","104","65.14","65.14","65.14"
"12420","113","113","113","89.22","89.22","89.22"
"12441","104","104","104","64.53","64.53","64.53"
"12486","105","105","105","57.4","57.4","57.4"
"12487","104","104","104","51.41","51.41","51.41"
"12493","103","103","103","66.81","66.81","66.81"
"12504","105","105","105","61.94","61.94","61.94"
"12506","109","109","109","54.24","54.24","54.24"
"12515","113","113","113","70.9","70.9","70.9"
"12518","104","104","104","53.37","53.37","53.37"
"12521","106","106","106","63.6","63.6","63.6"
"12523","108.5","103","114","76.555","62.44","90.67"
"12534","103","103","103","59.18","59.18","59.18"
"12535","113","113","113","62.59","62.59","62.59"
"12538","106","106","106","50.05","50.05","50.05"
"12543","106","106","106","60.25","60.25","60.25"
"12559","105","105","105","56.59","56.59","56.59"
"12575","105","105","105","56.77","56.77","56.77"
"12617","104","104","104","66.78","66.78","66.78"
"12623","106","106","106","58.2","58.2","58.2"
"12629","105","105","105","56.82","56.82","56.82"
"12639","114.5","114","115","72.285","70.13","74.44"
"12640","106","106","106","62.08","62.08","62.08"
"12647","110","110","110","55.12","55.12","55.12"
"12654","104.5","104","105","61.235","60.94","61.53"
"12661","114","114","114","62.14","62.14","62.14"
"12665","107","107","107","53.72","53.72","53.72"
"12672","104","104","104","58.41","58.41","58.41"
"12679","107","107","107","60.7","60.7","60.7"
"12690","107","107","107","53.72","53.72","53.72"
"12699","106","106","106","59.2","59.2","59.2"
"12712","106","106","106","57.66","57.66","57.66"
"12721","105","105","105","83.42","83.42","83.42"
"12743","107","107","107","69.46","69.46","69.46"
"12748","115","115","115","75.59","75.59","75.59"
"12749","116","116","116","78.7","78.7","78.7"
"12771","107","107","107","62.99","62.99","62.99"
"12772","106","106","106","54.3","54.3","54.3"
"12783","111","111","111","60.13","60.13","60.13"
"12787","115","115","115","66.27","66.27","66.27"
"12789","105","105","105","57.81","57.81","57.81"
"12799","106","106","106","51.79","51.79","51.79"
"12810","105","105","105","55.93","55.93","55.93"
"12812","108","108","108","52.22","52.22","52.22"
"12815","108","108","108","63.34","63.34","63.34"
"12830","107","107","107","61.95","61.95","61.95"
"12835","108","108","108","50.57","50.57","50.57"
"12837","106","106","106","72.42","72.42","72.42"
"12855","107","107","107","58.12","58.12","58.12"
"12862","108","108","108","71.52","71.52","71.52"
"12863","117","117","117","73.98","73.98","73.98"
"12869","116","116","116","73.34","73.34","73.34"
"12904","108","108","108","58.91","58.91","58.91"
"12911","112","112","112","58.04","58.04","58.04"
"12915","116","116","116","64.96","64.96","64.96"
"12916","107","107","107","53.82","53.82","53.82"
"12923","106","106","106","59.31","59.31","59.31"
"12940","106","106","106","60.18","60.18","60.18"
"12944","107","107","107","52.29","52.29","52.29"
"12952","109","109","109","56.67","56.67","56.67"
"12957","107","107","107","64.07","64.07","64.07"
"12964","109","109","109","51.14","51.14","51.14"
"12976","112.5","108","117","69.275","55.9","82.65"
"12982","109","109","109","50.62","50.62","50.62"
"12985","109","109","109","70.38","70.38","70.38"
"12988","118","118","118","61.33","61.33","61.33"
"12993","108","108","108","59.39","59.39","59.39"
"13030","117","117","117","71.37","71.37","71.37"
"13049","109","109","109","52.47","52.47","52.47"
"13054","113","113","113","54.8","54.8","54.8"
"13059","107","107","107","58.37","58.37","58.37"
"13060","108","108","108","55.72","55.72","55.72"
"13069","107","107","107","63.93","63.93","63.93"
"13077","108","108","108","60.04","60.04","60.04"
"13078","110","110","110","67.49","67.49","67.49"
"13088","118","118","118","78.74","78.74","78.74"
"13092","108","108","108","59.1","59.1","59.1"
"13104","110","110","110","72.56","72.56","72.56"
"13113","110","110","110","52.99","52.99","52.99"
"13118","119","119","119","61.68","61.68","61.68"
"13119","109","109","109","56.02","56.02","56.02"
"13131","109","109","109","53.32","53.32","53.32"
"13133","110","110","110","48.78","48.78","48.78"
"13144","118","118","118","74.66","74.66","74.66"
"13185","110","110","110","56.78","56.78","56.78"
"13187","114","114","114","63.41","63.41","63.41"
"13193","109","109","109","63.54","63.54","63.54"
"13197","109.5","108","111","63.36","56.68","70.04"
"13200","108","108","108","62.65","62.65","62.65"
"13201","119","119","119","73.08","73.08","73.08"
"13219","109","109","109","60.1","60.1","60.1"
"13222","109","109","109","53.27","53.27","53.27"
"13229","111","111","111","62.81","62.81","62.81"
"13233","120","120","120","71.88","71.88","71.88"
"13252","110","110","110","65.91","65.91","65.91"
"13260","111","111","111","53.06","53.06","53.06"
"13267","110.5","110","111","57.93","56.45","59.41"
"13268","119","119","119","65.48","65.48","65.48"
"13319","120","120","120","73.27","73.27","73.27"
"13324","111","110","112","60.375","58.11","62.64"
"13328","111","111","111","55.11","55.11","55.11"
"13331","115","115","115","54.01","54.01","54.01"
"13334","109","109","109","59.23","59.23","59.23"
"13335","109","109","109","56.77","56.77","56.77"
"13343","121","121","121","79.48","79.48","79.48"
"13349","110","110","110","62.66","62.66","62.66"
"13361","112","112","112","57.93","57.93","57.93"
"13375","110","110","110","51.89","51.89","51.89"
"13391","111","111","111","57.01","57.01","57.01"
"13393","112","112","112","59.52","59.52","59.52"
"13394","120","120","120","67.95","67.95","67.95"
"13404","111","111","111","58.28","58.28","58.28"
"13411","112","112","112","53.45","53.45","53.45"
"13437","121","121","121","71.3","71.3","71.3"
"13451","122","122","122","80.89","80.89","80.89"
"13455","116","116","116","66.89","66.89","66.89"
"13462","113","113","113","57.39","57.39","57.39"
"13465","111","111","111","53.86","53.86","53.86"
"13471","110","110","110","58.29","58.29","58.29"
"13474","110","110","110","58.94","58.94","58.94"
"13477","112","112","112","51.61","51.61","51.61"
"13490","111","111","111","56.06","56.06","56.06"
"13492","113","113","113","60.7","60.7","60.7"
"13518","111","111","111","51.23","51.23","51.23"
"13521","121","121","121","66.31","66.31","66.31"
"13532","112","112","112","57.14","57.14","57.14"
"13536","113","113","113","57.09","57.09","57.09"
"13545","112","112","112","59.4","59.4","59.4"
"13555","123","123","123","90.1","90.1","90.1"
"13557","113","113","113","54.08","54.08","54.08"
"13560","122","122","122","64.51","64.51","64.51"
"13573","117","117","117","71.39","71.39","71.39"
"13597","111","111","111","66.31","66.31","66.31"
"13606","113","112","114","56.1","54.95","57.25"
"13607","111","111","111","57.63","57.63","57.63"
"13618","114","114","114","63.53","63.53","63.53"
"13621","113","113","113","59.39","59.39","59.39"
"13629","112","112","112","54.68","54.68","54.68"
"13639","122","122","122","70.99","70.99","70.99"
"13658","112","112","112","58.31","58.31","58.31"
"13661","124","124","124","87.04","87.04","87.04"
"13670","113","113","113","56.57","56.57","56.57"
"13674","114","114","114","55.88","55.88","55.88"
"13683","113","113","113","58.83","58.83","58.83"
"13685","123","123","123","64.17","64.17","64.17"
"13702","114","114","114","55","55","55"
"13706","118","118","118","57.75","57.75","57.75"
"13733","112","112","112","58.56","58.56","58.56"
"13741","115","115","115","60.07","60.07","60.07"
"13751","112","112","112","52.5","52.5","52.5"
"13752","114","114","114","62.29","62.29","62.29"
"13755","115","115","115","58.04","58.04","58.04"
"13757","113","113","113","49.01","49.01","49.01"
"13760","123","123","123","70.93","70.93","70.93"
"13764","125","125","125","85.34","85.34","85.34"
"13768","113","113","113","56.8","56.8","56.8"
"13781","113","113","113","69.8","69.8","69.8"
"13802","115","115","115","63.63","63.63","63.63"
"13810","124","124","124","65.19","65.19","65.19"
"13813","114","114","114","55.59","55.59","55.59"
"13824","114","114","114","58.71","58.71","58.71"
"13827","119","119","119","73.15","73.15","73.15"
"13835","115","115","115","56.68","56.68","56.68"
"13869","126","126","126","87.14","87.14","87.14"
"13873","113","113","113","56.59","56.59","56.59"
"13874","116","116","116","62.34","62.34","62.34"
"13878","124","124","124","69.52","69.52","69.52"
"13881","116","116","116","64.77","64.77","64.77"
"13888","115","115","115","59.61","59.61","59.61"
"13897","113","113","113","54.97","54.97","54.97"
"13898","114","114","114","56.33","56.33","56.33"
"13902","114","114","114","64.97","64.97","64.97"
"13913","114","114","114","53.6","53.6","53.6"
"13934","120.5","116","125","63.64","60.36","66.92"
"13941","120","120","120","77.15","77.15","77.15"
"13948","115","115","115","58.72","58.72","58.72"
"13963","115","115","115","53.25","53.25","53.25"
"13975","127","127","127","86.81","86.81","86.81"
"13986","116","116","116","53.02","53.02","53.02"
"13995","117","117","117","71.23","71.23","71.23"
"13999","125","125","125","69.61","69.61","69.61"
"14009","114","114","114","59.21","59.21","59.21"
"14011","117","117","117","63.89","63.89","63.89"
"14025","116","116","116","58.98","58.98","58.98"
"14038","114","114","114","55.35","55.35","55.35"
"14049","115","115","115","54.26","51.11","57.41"
"14051","115","115","115","56.03","56.03","56.03"
"14054","121","121","121","75.67","75.67","75.67"
"14074","117","117","117","56.25","56.25","56.25"
"14080","121","116","126","59.855000000000004","54.96","64.75"
"14083","128","128","128","81.25","81.25","81.25"
"14101","116","116","116","58.16","58.16","58.16"
"14123","126","126","126","64.18","64.18","64.18"
"14130","117","117","117","56.97","56.97","56.97"
"14132","118","118","118","60.2","60.2","60.2"
"14134","118","118","118","64.95","64.95","64.95"
"14142","115","115","115","62.8","62.8","62.8"
"14159","122","122","122","82.77","82.77","82.77"
"14165","117","117","117","57.96","57.96","57.96"
"14176","116","116","116","65.59","65.59","65.59"
"14183","115","115","115","51.71","51.71","51.71"
"14193","122.5","116","129","67.12","55.49","78.75"
"14201","116","116","116","50.2","50.2","50.2"
"14212","117","117","117","60.34","60.34","60.34"
"14214","118","118","118","53.07","53.07","53.07"
"14215","127","127","127","55.9","55.9","55.9"
"14235","117","117","117","61.71","61.71","61.71"
"14247","127","127","127","66.51","66.51","66.51"
"14262","119","119","119","63.21","63.21","63.21"
"14264","119","119","119","61.96","61.96","61.96"
"14271","116","116","116","61.37","61.37","61.37"
"14272","118","118","118","56.85","56.85","56.85"
"14283","123","123","123","63.45","63.45","63.45"
"14294","118","118","118","59.23","59.23","59.23"
"14316","130","130","130","64.4","64.4","64.4"
"14317","117","117","117","60.22","55.54","64.9"
"14324","116","116","116","57.88","57.88","57.88"
"14334","128","128","128","74.43","74.43","74.43"
"14342","118","118","118","62.57","62.57","62.57"
"14356","119","119","119","55.23","55.23","55.23"
"14360","117","117","117","48.39","48.39","48.39"
"14374","128","128","128","61.68","61.68","61.68"
"14378","118","118","118","55.09","55.09","55.09"
"14396","118.5","117","120","62.38","62.02","62.74"
"14403","119.5","119","120","59.025000000000006","57.49","60.56"
"14415","124","124","124","59.58","59.58","59.58"
"14418","119","119","119","66.13","66.13","66.13"
"14424","131","131","131","79.85","79.85","79.85"
"14457","118","118","118","56.16","56.16","56.16"
"14460","129","129","129","64.17","64.17","64.17"
"14461","118","118","118","56.74","56.74","56.74"
"14465","118","117","119","61.44","57.67","65.21"
"14501","129","129","129","62.9","62.9","62.9"
"14507","120","120","120","54.25","54.25","54.25"
"14517","118","118","118","50.87","50.87","50.87"
"14526","120.33333333333333","119","121","61.19333333333333","54.42","66.66"
"14529","132","132","132","84.56","84.56","84.56"
"14534","118","118","118","58.83","58.83","58.83"
"14544","120","120","120","55.98","55.98","55.98"
"14556","120","120","120","58.28","58.28","58.28"
"14560","125","125","125","54.38","54.38","54.38"
"14573","130","130","130","79.89","79.89","79.89"
"14577","120","120","120","74.89","74.89","74.89"
"14600","118","118","118","60.28","60.28","60.28"
"14602","119","119","119","55.48","55.48","55.48"
"14604","119","119","119","55.77","55.77","55.77"
"14634","130","130","130","60.62","60.62","60.62"
"14644","133","133","133","73.22","73.22","73.22"
"14650","122","122","122","65.02","65.02","65.02"
"14658","120","119","121","58.59","51.17","66.01"
"14659","122","122","122","58.77","58.77","58.77"
"14668","119","119","119","52.43","52.43","52.43"
"14674","120","120","120","53.5","53.5","53.5"
"14683","131","131","131","76.33","76.33","76.33"
"14685","121","121","121","79.12","79.12","79.12"
"14686","121","121","121","60.57","60.57","60.57"
"14699","126","126","126","55.25","55.25","55.25"
"14706","121","121","121","52.39","52.39","52.39"
"14740","119","119","119","59.63","59.63","59.63"
"14746","120","120","120","57.83","57.83","57.83"
"14751","120","120","120","52.63","52.63","52.63"
"14763","134","134","134","74.06","74.06","74.06"
"14764","131","131","131","65.3","65.3","65.3"
"14776","123","123","123","67.96","67.96","67.96"
"14783","122","122","122","66.97","66.97","66.97"
"14794","122","122","122","78.24","78.24","78.24"
"14796","132","132","132","72.57","72.57","72.57"
"14801","123","123","123","56.18","56.18","56.18"
"14804","120","120","120","53.85","53.85","53.85"
"14806","121","121","121","61.42","61.42","61.42"
"14811","120","120","120","59.09","59.09","59.09"
"14830","122","122","122","55.71","55.71","55.71"
"14831","127","127","127","60.37","60.37","60.37"
"14865","122","122","122","46.15","46.15","46.15"
"14879","120","120","120","58.34","58.34","58.34"
"14889","132","132","132","68.11","68.11","68.11"
"14892","121","121","121","57.7","57.7","57.7"
"14897","121","121","121","54.98","54.98","54.98"
"14902","123","123","123","70.49","70.49","70.49"
"14909","123","123","123","74.94","74.94","74.94"
"14913","133","133","133","69.5","69.5","69.5"
"14943","122","122","122","59.11","59.11","59.11"
"14944","122.5","121","124","55.099999999999994","51.98","58.22"
"14959","124","121","128","58.446666666666665","51.1","62.33"
"15007","123","123","123","57.77","57.77","57.77"
"15008","133","133","133","71.13","71.13","71.13"
"15011","121","121","121","59.77","59.77","59.77"
"15021","124","124","124","77.15","77.15","77.15"
"15035","122","122","122","52.11","52.11","52.11"
"15036","124","124","124","57.6","57.6","57.6"
"15042","134","134","134","60.93","60.93","60.93"
"15050","122","122","122","50.87","50.87","50.87"
"15078","124","124","124","72.01","72.01","72.01"
"15081","122","122","122","57.64","57.64","57.64"
"15094","123","123","123","56.06","56.06","56.06"
"15096","125","125","125","52.24","52.24","52.24"
"15108","129","129","129","53.15","53.15","53.15"
"15111","122","122","122","51.31","51.31","51.31"
"15152","124","124","124","58.25","58.25","58.25"
"15159","122","122","122","54.67","54.67","54.67"
"15164","125","125","125","63.83","63.83","63.83"
"15178","135","135","135","56.62","56.62","56.62"
"15189","123","123","123","53.66","53.66","53.66"
"15193","123","123","123","53.95","53.95","53.95"
"15218","125","125","125","58.92","58.92","58.92"
"15225","123","123","123","56.18","56.18","56.18"
"15238","127","124","130","58.81","54.93","62.69"
"15240","126","126","126","55.59","55.59","55.59"
"15256","123","123","123","53.66","53.66","53.66"
"15299","125","125","125","52.73","52.73","52.73"
"15309","126","126","126","54.53","54.53","54.53"
"15310","123","123","123","54.83","54.83","54.83"
"15325","124","124","124","63.64","63.64","63.64"
"15329","124","124","124","56.02","56.02","56.02"
"15357","126","126","126","56.08","56.08","56.08"
"15358","131","131","131","70.29","70.29","70.29"
"15366","124","124","124","56.41","56.41","56.41"
"15381","125","125","125","57.19","57.19","57.19"
"15388","127","127","127","54.23","54.23","54.23"
"15405","124","124","124","51.07","51.07","51.07"
"15447","127","127","127","56.25","56.25","56.25"
"15449","126","126","126","51.74","51.74","51.74"
"15452","124","124","124","56.58","56.58","56.58"
"15467","125","125","125","55.2","55.2","55.2"
"15474","125","125","125","57.35","57.35","57.35"
"15490","129.5","127","132","58.650000000000006","57.7","59.6"
"15508","125","125","125","58.68","58.68","58.68"
"15530","128","128","128","59.66","59.66","59.66"
"15552","125","125","125","52.11","52.11","52.11"
"15580","128","128","128","60.93","60.93","60.93"
"15597","127","127","127","58.09","58.09","58.09"
"15599","125","125","125","54.83","54.83","54.83"
"15616","128","128","128","64.27","64.27","64.27"
"15617","126","126","126","57.43","57.43","57.43"
"15628","126","126","126","49.72","49.72","49.72"
"15629","133","133","133","55.46","55.46","55.46"
"15655","126","126","126","56.1","56.1","56.1"
"15660","129","129","129","65.49","65.49","65.49"
"15691","126","126","126","57.01","57.01","57.01"
"15737","129","129","129","48.94","48.94","48.94"
"15741","129","129","129","65.3","65.3","65.3"
"15743","126","126","126","56.48","56.48","56.48"
"15749","128","128","128","50.15","50.15","50.15"
"15755","127","127","127","58.47","58.47","58.47"
"15763","134","134","134","61.31","61.31","61.31"
"15790","128.5","127","130","54.245000000000005","47.95","60.54"
"15818","127","127","127","61.88","61.88","61.88"
"15858","130","130","130","66.83","66.83","66.83"
"15885","130","130","130","54.02","54.02","54.02"
"15891","127","127","127","54.6","54.6","54.6"
"15893","129","129","129","55.07","55.07","55.07"
"15895","128","128","128","57.31","57.31","57.31"
"15900","135","135","135","59.97","59.97","59.97"
"15929","131","131","131","57.67","57.67","57.67"
"15935","128","128","128","58.33","58.33","58.33"
"15954","128","128","128","55.98","55.98","55.98"
"15977","131","131","131","67.52","67.52","67.52"
"16032","132","128","136","57.05","55.76","58.34"
"16035","129","129","129","55.4","55.4","55.4"
"16037","130.5","130","131","54.035","53.31","54.76"
"16069","132","132","132","61.19","61.19","61.19"
"16087","129","129","129","49.53","49.53","49.53"
"16096","129","129","129","53.44","53.44","53.44"
"16101","132","132","132","67.72","67.72","67.72"
"16170","129","129","129","58.84","58.84","58.84"
"16176","131","131","131","60.59","60.59","60.59"
"16190","130","130","130","47.69","47.69","47.69"
"16204","133","133","133","59.02","59.02","59.02"
"16216","133","133","133","71.08","71.08","71.08"
"16234","130","130","130","54.76","54.76","54.76"
"16240","130","130","130","53.69","53.69","53.69"
"16307","131","130","132","58.225","56.46","59.99"
"16342","131","131","131","53.15","53.15","53.15"
"16345","134","134","134","60.69","60.69","60.69"
"16375","131","131","131","55.81","55.81","55.81"
"16441","131","131","131","58.93","58.93","58.93"
"16523","132","132","132","52.17","52.17","52.17"